name,aorta,gall_bladder,kidney_left,kidney_right,liver,pancreas,postcava,spleen,stomach
AutoPET_0011f3deaf_10445,0.8961116075515747,0.8231997489929199,0.8996710181236267,0.907277524471283,0.7831884026527405,0.9019443988800049,0.8534220457077026,0.970069169998169,0.9111171960830688
AutoPET_01140d52d8_56839,0.8615748286247253,0.8469163775444031,0.9235028028488159,0.8709233403205872,0.8240213394165039,0.8899670243263245,0.7872586846351624,0.9764342904090881,0.9132310152053833
AutoPET_0143bab87a_33529,0.8728956580162048,0.7551577687263489,0.9194365739822388,0.9191256165504456,0.7630764842033386,0.8735579252243042,0.823997974395752,0.9538560509681702,0.7318844199180603
AutoPET_0168f65af8_82224,0.778029203414917,0.8199777603149414,0.8608254790306091,0.8964335918426514,0.6724214553833008,0.8784139156341553,0.9023827910423279,0.8259667158126831,0.7659169435501099
AutoPET_0410759456_20805,0.8901499509811401,0.8693946003913879,0.9051878452301025,0.9247584342956543,0.8278875946998596,0.8769429326057434,0.8657283186912537,0.9695793986320496,0.9158573150634766
AutoPET_0410759456_75415,0.8999861478805542,0.8988150954246521,0.9013199210166931,0.941758930683136,0.7711121439933777,0.8914652466773987,0.9155622720718384,0.9781200885772705,0.9394747614860535
AutoPET_04606080a0_22538,0.8577765822410583,0.8420678973197937,0.9231923222541809,0.9314841032028198,0.7250765562057495,0.851981520652771,0.8743659257888794,0.8737096786499023,0.8078407645225525
AutoPET_04ab5c61c9_42241,0.8892616033554077,0.8305489420890808,0.9324869513511658,0.9379502534866333,0.8320680260658264,0.8664978742599487,0.8827553391456604,0.9244150519371033,0.9109110832214355
AutoPET_05808cf24e_91344,0.9139854311943054,0.8628167510032654,0.865289032459259,0.9317366480827332,0.8184011578559875,0.8190039396286011,0.8926452994346619,0.9678669571876526,0.8976826071739197
AutoPET_05bed31780_09401,0.8250442147254944,0.7571479678153992,0.9142264127731323,0.9220553636550903,0.825961172580719,0.9412054419517517,0.7997145056724548,0.9688453078269958,0.8950234055519104
AutoPET_05d5a79faf_20586,0.9261121153831482,0.7444979548454285,0.9254412651062012,0.9076892137527466,0.8393113613128662,0.828376829624176,0.8481161594390869,0.9856889247894287,0.9585000872612
AutoPET_06e7c24059_97021,0.9133211374282837,0.8089258670806885,0.9494963884353638,0.9431570768356323,0.8126627206802368,0.8117021918296814,0.8669984340667725,0.9653821587562561,0.7429367899894714
AutoPET_07574bfa00_91235,0.7949245572090149,0.7132457494735718,0.9156296253204346,0.8443120121955872,0.8305295705795288,0.8164029121398926,0.7667196393013,0.9648159146308899,0.900445282459259
AutoPET_07b7e9abfc_08717,0.6533697843551636,0.7317708134651184,0.8134115934371948,0.8631337881088257,0.8318173289299011,0.8654687404632568,0.7482063174247742,0.9809011220932007,0.9178080558776855
AutoPET_08198c4f0c_57428,0.8843968510627747,0.8270041942596436,0.8819052577018738,0.8785784244537354,0.7779456973075867,0.906060516834259,0.8764558434486389,0.9575104713439941,0.884905219078064
AutoPET_098c4b7b87_71743,0.6256157755851746,0.644737720489502,0.8392914533615112,0.7531032562255859,0.6977947354316711,0.5558217763900757,0.6540982723236084,0.8194404244422913,0.43422892689704895
AutoPET_099b3fd402_84728,0.6384701728820801,0.7303305864334106,0.8542378544807434,0.8902652263641357,0.8126339912414551,0.6854218244552612,0.7463768124580383,0.9452395439147949,0.8212740421295166
AutoPET_0af7ffe12a_96698,0.9065362215042114,,0.9141501784324646,0.8805851340293884,0.8122965097427368,0.46509167551994324,0.8745540380477905,0.9830163717269897,0.899264931678772
AutoPET_0b57b247b6_42966,0.8666346073150635,0.4071478545665741,0.9231420159339905,0.9459447860717773,0.8095965385437012,0.8318120837211609,0.8237519860267639,0.9747370481491089,0.8589381575584412
AutoPET_0b98dbe00d_83616,0.877478301525116,0.7987667918205261,0.911813497543335,0.8977295160293579,0.7679977416992188,0.9322965741157532,0.8409536480903625,0.9777430891990662,0.9155226349830627
AutoPET_0c13e4df10_89759,0.8722925186157227,0.9096764922142029,0.9318993091583252,0.9423859119415283,0.8024130463600159,0.9272540211677551,0.8154255747795105,0.9788810610771179,0.8872580528259277
AutoPET_0dbf2c2731_07954,0.8698447346687317,0.8672510981559753,0.9120414853096008,0.9136885404586792,0.7785693407058716,0.9037409424781799,0.7404873967170715,0.957506537437439,0.7843366265296936
AutoPET_0e2034240b_08517,0.8966036438941956,0.591373085975647,0.9353429675102234,0.8696995973587036,0.8176791667938232,0.8377604484558105,0.9126057028770447,0.9655089974403381,0.8384864330291748
AutoPET_0e9a98ecda_36915,0.933205246925354,0.6221029758453369,0.9319016933441162,0.9215282797813416,0.826488733291626,0.8330444693565369,0.9052025675773621,0.9541406035423279,0.9458987712860107
AutoPET_0fa313309d_29055,0.8661375641822815,0.7613940834999084,0.9112078547477722,0.8985162377357483,0.7290009260177612,0.8520076870918274,0.8592122197151184,0.9623976349830627,0.789666473865509
AutoPET_0fa313309d_74496,0.8972511887550354,0.8387506604194641,0.9217997789382935,0.8994591236114502,0.7858518362045288,0.920943558216095,0.8860473036766052,0.9688423275947571,0.8522207736968994
AutoPET_1019ae8551_62131,0.8776212930679321,0.5445090532302856,0.88655024766922,0.7823659777641296,0.783052921295166,0.9082534313201904,0.9238336682319641,0.9678333401679993,0.8510450124740601
AutoPET_11e258cc1f_87979,0.8536216616630554,0.5260273814201355,0.9447336196899414,0.9231504201889038,0.8216896653175354,0.7211407423019409,0.7834511399269104,0.8947258591651917,0.8582741022109985
AutoPET_12025abab5_18831,0.8921748399734497,0.8353760242462158,0.8963348865509033,0.9161746501922607,0.833919107913971,0.8147944808006287,0.8599793314933777,0.992937445640564,0.8792375326156616
AutoPET_1285b86bea_49419,0.8969873785972595,0.0015993602573871613,0.896088719367981,0.8906708359718323,0.8120207190513611,0.7620751261711121,0.8929105997085571,0.7745773196220398,0.8026630878448486
AutoPET_13d0984c93_48750,0.9210478067398071,0.7614275217056274,0.9350632429122925,0.9388429522514343,0.8001981973648071,0.9313681125640869,0.9058995842933655,0.9570913910865784,0.9011859893798828
AutoPET_1472967bef_48645,0.8965122103691101,0.6743905544281006,0.8862116932868958,0.929638147354126,0.7844367027282715,0.916673481464386,0.8143998980522156,0.9763139486312866,0.9074704051017761
AutoPET_14929994cf_47251,0.929713249206543,,0.9306958317756653,0.9129515886306763,0.7542281150817871,0.9147714376449585,0.9122114777565002,0.9319751858711243,0.878110408782959
AutoPET_14c4d2c208_60478,0.9054625630378723,0.8089683055877686,0.9098889231681824,0.8976230025291443,0.7519616484642029,0.9408329725265503,0.9293334484100342,0.9646636843681335,0.8675218820571899
AutoPET_15a205ffcc_93089,0.7665700316429138,0.0,0.8867170214653015,0.8757667541503906,0.6597830653190613,0.7726106643676758,0.5596272349357605,0.9122843146324158,0.6937627792358398
AutoPET_15f4b7254f_44296,0.8828635215759277,0.8362421989440918,0.9232779741287231,0.9290664196014404,0.8553299307823181,0.9477260708808899,0.8785406947135925,0.9805108904838562,0.8943470120429993
AutoPET_16cdbc8689_33251,0.8934161067008972,0.5199289917945862,0.9021070003509521,0.910855770111084,0.8584058880805969,0.7204124927520752,0.8813484311103821,0.9532838463783264,0.7896854877471924
AutoPET_1774857f8e_33663,0.7995954751968384,0.0,0.9010683298110962,0.9215842485427856,0.8150825500488281,0.9078367352485657,0.6949057579040527,0.9766854047775269,0.8863505125045776
AutoPET_1781ba966c_99061,0.827593207359314,0.6813020706176758,0.9163222908973694,0.9226989150047302,0.8013910055160522,0.9286952614784241,0.8297182321548462,0.9667618274688721,0.8689572215080261
AutoPET_182bdeba22_88669,0.9433122277259827,0.8332142233848572,0.9104527831077576,0.8995093107223511,0.7586647272109985,0.7674272656440735,0.8168666362762451,0.9606691598892212,0.852254331111908
AutoPET_185bac7954_96761,0.9132567644119263,0.6109725832939148,0.9020684361457825,0.9411095976829529,0.7842821478843689,0.8818826675415039,0.9468831419944763,0.9546091556549072,0.87978595495224
AutoPET_185da4c8b6_06919,0.8724837303161621,0.8875784873962402,0.9483338594436646,0.9505932927131653,0.7060288190841675,0.5985603332519531,0.7974497079849243,0.9386878609657288,0.8043555617332458
AutoPET_18e8b02af3_69934,0.6480551362037659,0.8073394298553467,0.9037727117538452,0.896670937538147,0.7578018307685852,0.8438306450843811,0.6658653616905212,0.9417392611503601,0.8328379392623901
AutoPET_1956667fce_69901,0.9022961854934692,0.6796544194221497,0.8941726088523865,0.9237831830978394,0.7603759169578552,0.7637852430343628,0.6971619129180908,0.9807464480400085,0.8333869576454163
AutoPET_1956667fce_90464,0.8988447785377502,0.770412027835846,0.9100601673126221,0.916755199432373,0.8329718708992004,0.8988781571388245,0.899329662322998,0.9921638369560242,0.9057832360267639
AutoPET_19838cb8e5_25383,0.8578236103057861,0.9255765080451965,0.8711790442466736,0.8533547520637512,0.7531260848045349,0.6917483806610107,0.8046459555625916,0.9285626411437988,0.713605523109436
AutoPET_19b68a666b_01313,0.8932955861091614,0.0,0.9354853630065918,0.833290696144104,0.6509827375411987,0.849348783493042,0.848456621170044,0.5807248950004578,0.6286354660987854
AutoPET_1a1712f7d0_50630,0.8866239786148071,0.8474505543708801,0.8935142159461975,0.8885583281517029,0.7991489171981812,0.6841967701911926,0.73503178358078,0.6992955803871155,0.8116725087165833
AutoPET_1a1712f7d0_78148,0.8522708415985107,0.7864128351211548,0.9053226113319397,0.8983657360076904,0.8254358172416687,0.6619091629981995,0.6984501481056213,0.8060707449913025,0.7767465114593506
AutoPET_1a3d4e63ee_34298,0.9013544917106628,0.8538971543312073,0.9236724376678467,0.9312888383865356,0.7875851988792419,0.8712742328643799,0.8346026539802551,0.9695363640785217,0.8176626563072205
AutoPET_1a8bd52f71_99815,0.8837352395057678,0.9080854654312134,0.7840080261230469,0.9286658763885498,0.7175159454345703,0.8867425918579102,0.8340004086494446,0.968091607093811,0.8891220092773438
AutoPET_1a90052cb2_80674,0.8675927519798279,0.8376028537750244,0.9218067526817322,0.9306570887565613,0.8234538435935974,0.9053515195846558,0.865358829498291,0.9775024056434631,0.7723742723464966
AutoPET_1ac497ed9d_22078,0.9212269186973572,0.82571941614151,0.9270208477973938,0.9307507872581482,0.8511995673179626,0.8964683413505554,0.9271971583366394,0.9637410640716553,0.9352715015411377
AutoPET_1bdefef7d5_32502,0.8856905698776245,0.8227619528770447,0.9277186393737793,0.9296783208847046,0.79366135597229,0.9437090158462524,0.8682768940925598,0.9846857786178589,0.896459698677063
AutoPET_1cb2d26a19_70937,0.9158003330230713,0.7961195111274719,0.9323862195014954,0.93832927942276,0.7525299787521362,0.9068136215209961,0.9004413485527039,0.9892907738685608,0.849714457988739
AutoPET_1f2a4f4280_44694,0.9036803841590881,0.0,0.8902108073234558,0.9207900762557983,0.7712011337280273,0.924679696559906,0.8005037903785706,0.9821081757545471,0.9145022034645081
AutoPET_1f2a4f4280_46988,0.8967764973640442,0.3985239863395691,0.8993390202522278,0.9003295302391052,0.7560085654258728,0.9053879380226135,0.8669002652168274,0.9768874645233154,0.8801475167274475
AutoPET_249c02c01c_65884,0.8427596092224121,0.5595099329948425,0.8873017430305481,0.875089704990387,0.8360157012939453,0.7067699432373047,0.8878704905509949,0.8421419858932495,0.7517797946929932
AutoPET_249c02c01c_83154,0.8841202855110168,0.7920008301734924,0.9390268921852112,0.9182546138763428,0.8757210969924927,0.9043084979057312,0.9275419116020203,0.9811482429504395,0.9082692861557007
AutoPET_249dd35d0c_75049,0.8156750798225403,0.8011645674705505,0.8512930870056152,0.8041087985038757,0.6560375690460205,0.8288738131523132,0.7854727506637573,0.6813883185386658,0.6884021759033203
AutoPET_25707f94a2_46163,0.906366229057312,0.832548201084137,0.8898781538009644,0.9113425612449646,0.8008037209510803,0.7847615480422974,0.9300674796104431,0.8326603174209595,0.6267690062522888
AutoPET_265c26907a_06968,0.9041004776954651,0.8548527359962463,0.9297077059745789,0.9228358268737793,0.7373039126396179,0.8763609528541565,0.8437579274177551,0.9557805061340332,0.8427243828773499
AutoPET_2716c9bfff_02459,0.9034377932548523,0.8321886658668518,0.9235087037086487,0.9118837118148804,0.7449126839637756,0.6741565465927124,0.9111771583557129,,0.4759342670440674
AutoPET_2745fb1adb_90513,0.9292108416557312,0.8314606547355652,0.9363424181938171,0.9496801495552063,0.8394659161567688,0.7856109738349915,0.8794993162155151,0.9496541619300842,0.9345771074295044
AutoPET_277fc3c67c_80269,0.9202930331230164,0.26123127341270447,0.8904462456703186,0.8797690272331238,0.7031153440475464,0.48769611120224,0.7926899790763855,0.8850180506706238,0.83985435962677
AutoPET_2791a0b3c2_72347,0.8887985348701477,0.7311708927154541,0.9396110773086548,0.9158722758293152,0.7997716665267944,0.8617021441459656,0.9511497616767883,0.9738442301750183,0.8121594190597534
AutoPET_27ad42f8a9_67664,0.8183399438858032,0.9102914929389954,0.8916032314300537,0.8909069895744324,0.7451481223106384,0.9360551834106445,0.6767116189002991,0.9652150273323059,0.883470892906189
AutoPET_28a0a0a163_34619,0.9314426779747009,0.0,0.9305209517478943,0.9317402243614197,0.8101081848144531,0.7772483825683594,0.8859853148460388,0.9124462604522705,0.6512894034385681
AutoPET_2922971d0f_78645,0.9005945920944214,0.7114588022232056,0.9084634780883789,0.8723633885383606,0.7794632911682129,0.8159185647964478,0.827912449836731,0.9704007506370544,0.7954655289649963
AutoPET_29ab45ef17_40288,0.9020743370056152,0.6247316598892212,0.9227970838546753,0.9410655498504639,0.7636628746986389,0.9029893279075623,0.8451446890830994,0.9651629328727722,0.8419150114059448
AutoPET_2a41141775_94391,0.9211419820785522,0.32145214080810547,0.9125892519950867,0.8898290991783142,0.7488376498222351,0.6888920068740845,0.7598089575767517,0.8341241478919983,0.6637381911277771
AutoPET_2b60c8135a_49696,0.8960801959037781,0.7921882271766663,0.9447040557861328,0.9452614188194275,0.8086850643157959,0.8179469704627991,0.6308245658874512,0.9491420984268188,0.8444462418556213
AutoPET_2d9638360e_19870,0.9144657254219055,0.8470630049705505,0.9213893413543701,0.9138156175613403,0.8740740418434143,0.9047791361808777,0.7558178901672363,0.9617743492126465,0.9159414172172546
AutoPET_2e97a9e5c2_00442,0.8603508472442627,0.7471467852592468,0.8947039842605591,0.9318054914474487,0.7979973554611206,0.8947486281394958,0.8290372490882874,0.9587944149971008,0.9312711954116821
AutoPET_2f2ee78c89_09129,0.904886782169342,0.14000000059604645,0.9195578694343567,0.9329954981803894,0.726280927658081,0.8738226294517517,0.8688347339630127,0.9465761184692383,0.920647919178009
AutoPET_2f7200f771_68738,0.9038563966751099,0.5158824920654297,0.9144923090934753,0.8611629605293274,0.8541349768638611,0.6513851881027222,0.9148762822151184,0.9749256372451782,0.7991952896118164
AutoPET_2f9aec0275_55211,0.7233550548553467,0.8168168067932129,0.8665609359741211,0.9147371053695679,0.8057934641838074,0.765871524810791,0.753288209438324,0.9612515568733215,0.8651030659675598
AutoPET_2f9aec0275_89491,0.7915822267532349,0.7233507037162781,0.9251667857170105,0.9236544370651245,0.841173529624939,0.8912903666496277,0.9303827285766602,0.9842909574508667,0.9117256999015808
AutoPET_302613f9a5_59045,0.671843945980072,0.7123389840126038,0.9097222089767456,0.9073835015296936,0.816383957862854,0.8202347755432129,0.7494099736213684,0.9409270286560059,0.88908451795578
AutoPET_32219760da_33621,0.8815622925758362,0.7591041326522827,,0.8623685836791992,0.7527915239334106,0.8776758313179016,0.6527397036552429,0.9802136421203613,0.9267662167549133
AutoPET_32aa845af1_95846,0.9129687547683716,0.7350136041641235,0.9394516944885254,0.9200803637504578,0.7967579960823059,0.7718219757080078,0.9463849067687988,0.9580042958259583,0.7988831996917725
AutoPET_345b11778a_16793,0.8672264218330383,0.7369639277458191,0.932582437992096,0.9295158386230469,0.8309348821640015,0.8731635212898254,0.9631623029708862,0.9427617788314819,0.6953314542770386
AutoPET_34d3efa936_73875,0.9234139919281006,0.8997692465782166,0.9052618741989136,0.9151015281677246,0.84401535987854,0.8922364711761475,0.940768837928772,0.9472947120666504,0.9260464906692505
AutoPET_350e91119a_47863,0.8107227087020874,,0.9217007756233215,0.9173546433448792,0.7704789638519287,0.8135373592376709,0.6156771183013916,0.9811708331108093,0.8629931211471558
AutoPET_35de69968e_24640,0.8704962134361267,0.822821319103241,0.8861567378044128,0.9016695618629456,0.7234529256820679,0.9599277377128601,0.8733838796615601,0.9516003131866455,0.8378148078918457
AutoPET_36870de2f2_20980,0.880608856678009,0.0,0.9186046719551086,0.6686463952064514,0.7775737643241882,0.8869415521621704,0.7770571708679199,0.9845423102378845,0.905566394329071
AutoPET_36bb0257fc_17917,0.9092797040939331,0.919112503528595,0.8684890270233154,0.897615373134613,0.8533258438110352,0.8747467994689941,0.8754421472549438,0.9798302054405212,0.8502429127693176
AutoPET_372746cc99_08738,0.7732587456703186,0.0,0.9087954759597778,0.9188279509544373,0.8222014307975769,0.8939656615257263,0.7954756021499634,0.9818676114082336,0.8354595899581909
AutoPET_37472e737f_10464,0.8806543946266174,0.0,0.8676396012306213,0.9227274656295776,0.7652713656425476,0.874864399433136,0.830708920955658,0.9780383110046387,0.8450144529342651
AutoPET_37952b7ffb_55543,0.8505133986473083,0.6419423818588257,0.887871265411377,0.9144741296768188,0.7298979759216309,0.9239504337310791,0.8080421090126038,0.9659730195999146,0.7228879928588867
AutoPET_38106fde84_54309,0.8740061521530151,0.0669642835855484,0.8684455752372742,0.874669075012207,0.7769085168838501,0.9280351996421814,0.8217079043388367,0.9507043957710266,0.8219412565231323
AutoPET_389462c0ac_96605,0.8557705283164978,0.8209483623504639,0.8762624859809875,0.8982927203178406,0.7757532000541687,0.8196955919265747,0.8626468777656555,0.9817025661468506,0.7565673589706421
AutoPET_389462c0ac_97036,0.7837817668914795,,0.894140899181366,0.8898328542709351,0.6859894394874573,0.8447465300559998,0.8757548928260803,0.9679105877876282,0.7240686416625977
AutoPET_38a374d01a_60625,0.8154374361038208,0.8164557218551636,0.8842329382896423,0.9179631471633911,0.7300633192062378,0.9459018707275391,0.8538971543312073,0.9758224487304688,0.7576851844787598
AutoPET_3a40a26443_43565,0.8910461068153381,0.8613861203193665,0.8942887187004089,0.9008108377456665,0.7855308651924133,0.7420557737350464,0.8170288801193237,0.9810576438903809,0.8629514575004578
AutoPET_3b14690fce_38312,0.8540909290313721,0.843079686164856,0.9043375253677368,0.93287193775177,0.7408614158630371,0.8904021382331848,0.8758367896080017,0.9510524868965149,0.8582828044891357
AutoPET_3b2a4af482_86609,0.8914289474487305,0.8329834342002869,0.9001812934875488,0.9174823760986328,0.7386375069618225,0.8989582657814026,0.9088781476020813,0.9061139225959778,0.8986241221427917
AutoPET_3ba0277c0c_46623,0.8629792928695679,0.6767660975456238,0.8902305364608765,0.8951008319854736,0.7477350234985352,0.884227454662323,0.8025458455085754,0.9727463722229004,0.7404261827468872
AutoPET_3bce0eb7aa_45104,0.9257974028587341,0.47183769941329956,0.9224485754966736,0.9094932675361633,0.8624929785728455,0.6424624919891357,0.9158471822738647,0.9715983867645264,0.6043925881385803
AutoPET_3cd49210eb_16881,0.8984965682029724,0.0,0.9113891124725342,0.9060088992118835,0.80014967918396,0.8213617205619812,0.934097409248352,0.9906973838806152,0.8351656794548035
AutoPET_3cf68da275_37413,0.8256189823150635,,0.9210852980613708,0.8996321558952332,0.7883579730987549,0.9087255001068115,0.8577927350997925,0.9819076657295227,0.8132618069648743
AutoPET_3d6f425a76_37622,0.8159061074256897,0.6635733842849731,0.9408595561981201,0.9399539232254028,0.7266652584075928,0.6466093063354492,0.8823278546333313,0.0,0.8593258857727051
AutoPET_3d8b79d739_35511,0.9133848547935486,0.8325250744819641,0.9297100305557251,0.8776745796203613,0.7847414016723633,0.7813601493835449,0.9343110918998718,0.9716904759407043,0.8725767135620117
AutoPET_3f2ee0274d_19611,0.8281140923500061,0.658751904964447,0.8938835263252258,0.9224176406860352,0.7553495764732361,0.872020959854126,0.8412445187568665,0.9813567399978638,0.8712198138237
AutoPET_3f3df20439_26210,0.9390610456466675,0.8464562296867371,0.9074822664260864,0.9273074269294739,0.8144174814224243,0.9042487144470215,0.9414514899253845,0.993749737739563,0.8544268012046814
AutoPET_3f5a9f616f_90087,0.9182313680648804,0.717365026473999,0.8998791575431824,0.923895001411438,0.795646071434021,0.8553410768508911,0.8829602599143982,0.969089150428772,0.9125850200653076
AutoPET_402c061122_22953,0.6568189859390259,0.8743016719818115,0.8652026653289795,0.8865302205085754,0.8035407066345215,0.7198226451873779,0.72791588306427,0.9805885553359985,0.8548653721809387
AutoPET_404f8c732f_44688,0.9125044941902161,0.7172946929931641,0.9474243521690369,0.9367601871490479,0.8286929726600647,0.8899618983268738,0.8857059478759766,0.9764888882637024,0.8578072190284729
AutoPET_40a125468a_99283,0.9079989790916443,0.7264233827590942,0.9322497844696045,0.925468921661377,0.812773585319519,0.8831819295883179,0.9200876355171204,0.981047511100769,0.6956180334091187
AutoPET_41472f5ce9_95962,0.8630807399749756,0.5455130338668823,0.8866117000579834,0.872830331325531,0.7721068263053894,0.6307774186134338,0.8657483458518982,0.9394853115081787,0.6516062617301941
AutoPET_41f4d41517_79881,0.7658067345619202,0.8275919556617737,0.0,0.921012282371521,0.7113777995109558,0.8009886741638184,0.8804851174354553,0.9206078052520752,0.7527860403060913
AutoPET_41fadf6520_27536,0.9052867889404297,0.8055250644683838,0.9095505475997925,,0.7968275547027588,0.9283482432365417,0.7941999435424805,0.9638301730155945,0.812789797782898
AutoPET_42e9f16c09_35445,0.8057575821876526,0.0,0.8717041611671448,0.5578641295433044,0.7863980531692505,0.8650512099266052,0.8332207202911377,0.8860703110694885,0.7712628245353699
AutoPET_43647ff727_05703,0.8117802143096924,0.7537630200386047,0.9172404408454895,0.923668622970581,0.8164989352226257,0.8537997603416443,0.9117501378059387,0.9764888882637024,0.8009882569313049
AutoPET_4481687483_68961,0.9066689014434814,0.7878310084342957,0.9358001351356506,0.936789870262146,0.7609425783157349,0.8850357532501221,0.8604637980461121,0.9544520974159241,0.9235024452209473
AutoPET_47f4460050_39942,0.8853515982627869,0.6684687733650208,0.9014343619346619,0.9147195816040039,0.7526938319206238,0.8451881408691406,0.8155477643013,0.9738325476646423,0.8994050621986389
AutoPET_4848bebb10_17214,0.8132495284080505,0.7815403342247009,0.9097553491592407,0.9356106519699097,0.7280125617980957,0.8645644187927246,0.5210118889808655,0.9626184701919556,0.8016328811645508
AutoPET_48a34ccdf0_78651,0.9285383224487305,0.6691484451293945,0.9522312879562378,0.9473254680633545,0.843601405620575,0.909318208694458,0.9257998466491699,0.9947009086608887,0.8907836079597473
AutoPET_48c70dc4a3_96001,0.9139711260795593,0.7365065813064575,0.9113115072250366,0.9179731607437134,0.8299614191055298,0.8226162791252136,0.8718506693840027,0.9913175702095032,0.9323118925094604
AutoPET_48d5467561_13285,0.8739468455314636,0.7808825373649597,0.9282121658325195,0.927943229675293,0.8173322081565857,0.8443833589553833,0.8192038536071777,0.9863935708999634,0.8351664543151855
AutoPET_48d5467561_70383,0.8523362874984741,0.7827160358428955,0.9312970638275146,0.9319707155227661,0.8283385634422302,0.8546884059906006,0.842993974685669,0.984652578830719,0.8276978731155396
AutoPET_49479d6e64_40984,0.8950014710426331,0.8821782469749451,0.9037189483642578,0.9153648614883423,0.779961884021759,0.9264236688613892,0.8560338616371155,0.9443919658660889,0.750681459903717
AutoPET_4a255db7bd_52913,0.8905999660491943,0.8493401408195496,0.9178895354270935,0.8625825047492981,0.7202576994895935,0.8868411183357239,0.7268323302268982,0.9749932289123535,0.8208125829696655
AutoPET_4b688f46b0_34892,0.8920888900756836,0.8084815144538879,0.890718936920166,0.8920810222625732,0.8008322715759277,0.8286022543907166,0.8390152454376221,0.7975158095359802,0.6726620197296143
AutoPET_4bab91dccd_29572,0.9405285716056824,0.7866474986076355,0.9010632634162903,0.875682532787323,0.8599317669868469,0.7883949279785156,0.9186248183250427,0.9634019136428833,0.9152762293815613
AutoPET_4cc808d16f_36881,0.9213441610336304,0.819987952709198,0.8837903141975403,0.9012984037399292,0.8440174460411072,0.8542807698249817,0.9134299159049988,0.9778475165367126,0.8276296257972717
AutoPET_4d7b745a7b_29523,0.8845081329345703,0.6868503093719482,0.9143465757369995,0.9327294230461121,0.709121823310852,0.8686416745185852,0.8459052443504333,0.9715237617492676,0.8924238085746765
AutoPET_4ea806706c_87631,0.9126238822937012,0.6694028377532959,0.8635345697402954,0.9109184145927429,0.7491213083267212,0.6963557600975037,0.7312296032905579,0.8732722401618958,0.9016509652137756
AutoPET_5001354a69_67929,0.9068787097930908,,0.8968274593353271,0.8940068483352661,0.7955885529518127,0.9130529165267944,0.9499913454055786,0.979737401008606,0.8513205051422119
AutoPET_5109748328_85229,0.8870671391487122,0.0,0.8985461592674255,0.9230470061302185,0.7182297110557556,0.880943775177002,0.8037700653076172,0.9750725030899048,0.8682608008384705
AutoPET_510fb36781_07563,0.8788101077079773,0.7772561311721802,0.9154722094535828,0.7853385210037231,0.8701462149620056,0.7138056755065918,0.8081467747688293,0.8300568461418152,0.811473548412323
AutoPET_53ccb9efbb_33641,0.9052120447158813,0.6584516763687134,0.9495531320571899,0.9437364339828491,0.8869382739067078,0.8401086330413818,0.9685353636741638,0.9753096699714661,0.9509761929512024
AutoPET_53dad1785b_08525,0.8533973097801208,0.6772933006286621,0.850967526435852,0.8727059960365295,0.7521896958351135,0.8994975090026855,0.8649686574935913,0.9871415495872498,0.7937494516372681
AutoPET_5420205a5f_99033,0.8363698720932007,0.8292381763458252,0.9347026348114014,0.9079726934432983,0.7284740805625916,0.9004755020141602,0.8848017454147339,0.9747092127799988,0.49132880568504333
AutoPET_544676de40_44814,0.9201785326004028,0.8698990941047668,0.9348539113998413,0.9589056372642517,0.8315982818603516,0.9219326972961426,0.855105459690094,0.9781981110572815,0.9122225642204285
AutoPET_544676de40_57333,0.922734797000885,0.7155683040618896,0.9330154657363892,0.9521451592445374,0.7994582653045654,0.9123196005821228,0.8409463167190552,0.9831526279449463,0.8691384196281433
AutoPET_548213edf7_05001,0.914082944393158,0.7476940751075745,0.8842390179634094,0.8768035173416138,0.8633894920349121,0.9669088125228882,0.8633714914321899,,0.9624274969100952
AutoPET_548bd05667_17081,0.926498293876648,0.7740147113800049,0.9016619920730591,0.8934941291809082,0.7142084240913391,0.8930147886276245,0.863226592540741,0.6075107455253601,0.7321485280990601
AutoPET_54977a7e76_77235,0.896690845489502,0.7511605024337769,0.9209672212600708,0.9122315049171448,0.7805681228637695,0.7810903191566467,0.7599973678588867,0.9345067143440247,0.8312739133834839
AutoPET_54bed1d98f_15731,0.683169424533844,0.2585529088973999,0.7537493705749512,0.8662332892417908,0.7186097502708435,0.7363652586936951,0.6973901987075806,0.9388055205345154,0.717075765132904
AutoPET_55819a54c2_69186,0.9226409196853638,0.7465419173240662,0.906306803226471,0.8983504176139832,0.7346351146697998,0.8702569007873535,0.8138079643249512,0.9813394546508789,0.8982455134391785
AutoPET_55ae7986e1_11736,0.8786530494689941,0.6600138545036316,0.9112296104431152,0.8993154764175415,0.7682737112045288,0.9023318290710449,0.8530733585357666,0.9673171043395996,0.8820142149925232
AutoPET_55ca11402a_30298,0.8738614916801453,0.8753260374069214,0.8864520788192749,0.9201219081878662,0.7773699760437012,0.832022488117218,0.6305307745933533,0.981678307056427,0.919538140296936
AutoPET_55e3e62722_09791,0.8067094087600708,0.8168718218803406,0.935067892074585,0.916342556476593,0.7339448928833008,0.863014280796051,0.7637627720832825,0.9276948571205139,0.8682921528816223
AutoPET_572fca6b44_19541,0.8975282311439514,0.8145309090614319,0.9241555333137512,0.9129639267921448,0.7376648187637329,0.9198411107063293,0.9117340445518494,0.9417062401771545,0.8489014506340027
AutoPET_581fa95eb0_73563,0.6191548109054565,0.7262542843818665,0.6404500007629395,0.7323374152183533,0.7981386780738831,0.7431635856628418,0.769432783126831,0.9368273019790649,0.9008262157440186
AutoPET_591b3025ff_80221,0.8008904457092285,0.8662753701210022,0.863446056842804,0.8930274248123169,0.7423089742660522,0.7636201977729797,0.8004100918769836,0.9718688726425171,0.8064245581626892
AutoPET_5951afb86e_68179,0.6664823293685913,0.8707349300384521,0.8369683623313904,0.921521008014679,0.7801511883735657,0.8413802981376648,0.9015166163444519,0.948987603187561,0.7866256237030029
AutoPET_595975bc57_47727,0.9009353518486023,0.0,0.787889301776886,0.8696519136428833,0.8020906448364258,0.5711670517921448,0.8461773991584778,0.993107259273529,0.882502555847168
AutoPET_5a274a0f26_16422,0.8997324705123901,0.8182410597801208,0.9029419422149658,0.8669220209121704,0.8129207491874695,0.6754418015480042,0.8757372498512268,0.9499011635780334,0.8026435375213623
AutoPET_5a58935b68_24073,0.9066742062568665,0.504883885383606,0.8985064625740051,0.9108290076255798,0.7501118779182434,0.7235651612281799,0.8482440710067749,0.860636293888092,0.6712867617607117
AutoPET_5ac322455f_53199,0.9210436940193176,0.9050708413124084,0.9228966236114502,0.8655532598495483,0.8238174319267273,0.8164567351341248,0.8786275386810303,0.9828157424926758,0.840118408203125
AutoPET_5ac4fd9091_54461,0.8701549172401428,0.6455981731414795,0.920197069644928,0.9264459013938904,0.7652407884597778,0.737050473690033,0.7468175292015076,0.9903756380081177,0.614169716835022
AutoPET_5b0aa4e971_53737,0.8823745250701904,0.6793388724327087,0.9134397506713867,0.9017989039421082,0.7589534521102905,0.9055485725402832,0.8643311262130737,0.9382994771003723,0.8933767676353455
AutoPET_5bd311a5e9_27550,0.9140366911888123,0.8117058277130127,,0.9053773283958435,0.6986667513847351,0.9195855259895325,0.8804568648338318,0.9762327671051025,0.8551504015922546
AutoPET_5c1baad5d8_62219,0.8715043663978577,0.006884681526571512,0.9027650356292725,0.8838332295417786,0.7189705967903137,0.9223010540008545,0.8498610258102417,0.96225506067276,0.8535057306289673
AutoPET_5c35fcbe89_30248,0.8842461109161377,0.2733711004257202,0.9359354376792908,0.9122573733329773,0.733457088470459,0.5945467352867126,0.8708868622779846,0.8884057998657227,0.5377902388572693
AutoPET_5c57a98a43_15963,0.9130455255508423,0.8781538605690002,0.913060188293457,0.920603334903717,0.801444411277771,0.8340324759483337,0.8830838203430176,0.9532819986343384,0.8875017166137695
AutoPET_5cf118ac06_95778,0.8725077509880066,0.785515308380127,0.9095211029052734,0.9415981769561768,0.8169640302658081,0.800038754940033,0.8897663950920105,0.9023470878601074,0.9112873077392578
AutoPET_5d10be5b89_53829,0.8825864195823669,0.7424830794334412,0.8850711584091187,0.896302342414856,0.7128030061721802,0.6891714334487915,0.4056118428707123,0.9765534400939941,0.8671220541000366
AutoPET_5de3ac617a_12499,0.9145706295967102,0.8385959267616272,0.9396771192550659,0.904055655002594,0.8060944676399231,0.7674497365951538,0.8905383348464966,0.9575212597846985,0.8485791087150574
AutoPET_5e2da717db_20485,0.9280821681022644,0.7713276147842407,0.9205605387687683,0.9160016775131226,0.774037778377533,0.707405686378479,0.8551812767982483,0.9754036664962769,0.7693000435829163
AutoPET_5e339b2ecf_41089,0.9411829710006714,0.8206724524497986,0.9259332418441772,0.9005073308944702,0.8632110357284546,0.8870985507965088,0.9051657915115356,0.9815557599067688,0.938683807849884
AutoPET_5e339b2ecf_97964,0.9273239374160767,0.7425469160079956,0.9073071479797363,0.881846010684967,0.8487787842750549,0.8062950372695923,0.8525992035865784,0.9775193929672241,0.9041029810905457
AutoPET_5e81863014_56073,0.918721616268158,0.9286425113677979,0.9198989868164062,0.9377564191818237,0.7929201722145081,0.7871111035346985,0.855391800403595,0.9634538292884827,0.8983021974563599
AutoPET_5f569fb737_70669,0.8426968455314636,0.70705246925354,0.8967887759208679,0.9198412895202637,0.7863425016403198,0.73874431848526,0.9115373492240906,0.9450949430465698,0.9118165373802185
AutoPET_5fa9d9a820_36159,0.6736047267913818,0.23887218534946442,0.8304741978645325,0.8717852830886841,0.7514221668243408,0.8445689678192139,0.7416497468948364,0.9755069613456726,0.7843745350837708
AutoPET_5fa9d9a820_75551,0.6901602149009705,0.41540953516960144,0.847364604473114,0.8613228797912598,0.7444778084754944,0.7959420680999756,0.7491655945777893,0.9728891849517822,0.7659522294998169
AutoPET_5fa9d9a820_75918,0.6921709775924683,0.030963875353336334,0.818773090839386,0.8587425351142883,0.7415711879730225,0.8266626000404358,0.7286641001701355,0.9570422172546387,0.8393318057060242
AutoPET_5fa9d9a820_86237,0.6991772055625916,0.18941375613212585,0.8310837745666504,0.8553231358528137,0.7533584237098694,0.8129065036773682,0.7870722413063049,0.9730179309844971,0.8393608331680298
AutoPET_605369e88d_20636,0.8759474158287048,0.8227847814559937,0.9407296180725098,0.9373806715011597,0.7771337628364563,0.914583146572113,0.8610790371894836,0.9730893969535828,0.8562711477279663
AutoPET_607c1b38e3_03164,0.8890771269798279,0.8535811305046082,0.9224261045455933,0.8995217084884644,0.771328330039978,0.8984637260437012,0.8126403093338013,0.9691920280456543,0.9005208611488342
AutoPET_64aff75516_66236,0.9284180402755737,0.443379670381546,0.9223260879516602,0.918475866317749,0.834598183631897,0.881035327911377,0.8318879008293152,0.99064040184021,0.8938419818878174
AutoPET_64aff75516_95123,0.919104814529419,0.0,0.9157609939575195,0.9095389246940613,0.7896720170974731,0.8742883205413818,0.8673909902572632,0.9873145222663879,0.8062372803688049
AutoPET_65bd1a4c38_59426,0.9230080842971802,0.7242697477340698,0.9417009949684143,0.9405550360679626,0.8124716281890869,0.7936021685600281,0.8401539325714111,0.9728475213050842,0.8556160926818848
AutoPET_674c49778c_47501,0.9072760343551636,0.7502174377441406,0.9284143447875977,0.9136484265327454,0.768304169178009,0.763528048992157,0.8874428272247314,0.8942066431045532,0.881338357925415
AutoPET_68ef307665_38550,0.9062613248825073,0.7222967147827148,0.9485928416252136,0.9318943619728088,0.8690452575683594,0.8823667168617249,0.8476952910423279,0.9447673559188843,0.7718934416770935
AutoPET_68f73c4518_36034,0.8747577667236328,0.7480087876319885,0.922125518321991,0.9416016340255737,0.8365162014961243,0.8454881906509399,0.8797534108161926,0.9693657159805298,0.8561941981315613
AutoPET_69606f6a25_06412,0.9029976725578308,0.709464430809021,0.9110569357872009,0.9249957799911499,0.7873111367225647,0.8216118216514587,0.8106693625450134,0.8286349773406982,0.8164315819740295
AutoPET_69ee62b035_42071,0.9376241564750671,0.21163366734981537,0.9123600721359253,0.9325202107429504,0.7585583925247192,0.8787409067153931,0.8927311301231384,0.9336937665939331,0.9313358664512634
AutoPET_6a3477cd9a_52826,0.8680683970451355,0.45232391357421875,0.878742516040802,0.9155488014221191,0.8702921271324158,0.7847949862480164,0.8856502175331116,0.9494295716285706,0.8790887594223022
AutoPET_6b177a3c28_89194,0.8607924580574036,0.8804147839546204,0.9368576407432556,0.9415566325187683,0.7235499024391174,0.7969621419906616,0.7765350341796875,0.951249361038208,0.8262801766395569
AutoPET_6c23f2686d_36051,0.9171842932701111,0.8597878813743591,0.9334244132041931,0.9098448753356934,0.873377799987793,0.8663338422775269,0.9268678426742554,0.9745856523513794,0.878715455532074
AutoPET_6c469107a0_84161,0.7946756482124329,0.8041974902153015,0.9404326677322388,0.9317014813423157,0.7592237591743469,0.8040637373924255,0.8134011626243591,0.9557070136070251,0.868192732334137
AutoPET_6d6a193655_45963,0.8763013482093811,0.0,0.8178576827049255,0.5692939162254333,0.6453951597213745,0.9096962213516235,0.8584828972816467,0.9161301851272583,0.6636443734169006
AutoPET_6dd36a2c19_34848,0.6618289351463318,0.8260570168495178,0.8487547636032104,0.887757420539856,0.7755274176597595,0.7856878638267517,0.7473631501197815,0.9179014563560486,0.8056842684745789
AutoPET_6e1dba94e8_36676,0.8974562883377075,0.5894145965576172,0.9009186625480652,0.9059109687805176,0.793562114238739,0.7492313981056213,0.8882594704627991,0.9777243137359619,0.9325043559074402
AutoPET_6e7c7f8087_20555,0.8662329912185669,0.8556140661239624,0.8890212774276733,0.894576907157898,0.7052791714668274,0.8925816416740417,0.8623071312904358,0.9350245594978333,0.8469361662864685
AutoPET_6efefcb92a_24165,0.8747552037239075,,0.8168119788169861,0.8511693477630615,0.7678155899047852,0.9059295058250427,0.864599347114563,0.6241698861122131,0.8512942790985107
AutoPET_7147385005_92807,0.7274826765060425,0.8689458966255188,0.9256647825241089,0.9295183420181274,0.7903086543083191,0.8716620206832886,0.8644443154335022,0.9825481176376343,0.9225361943244934
AutoPET_71ae114917_89747,0.9329838752746582,0.7000731825828552,0.9292502403259277,0.8995832800865173,0.8494403958320618,0.941296398639679,0.8462964296340942,0.9880234599113464,0.9598124623298645
AutoPET_7255ccbcf4_75929,0.8195397853851318,0.6684643626213074,0.8833850622177124,0.892792284488678,0.8357311487197876,0.8403059840202332,0.8603082299232483,0.9801071286201477,0.923328697681427
AutoPET_72725f2bda_20241,0.9253875017166138,0.9195300340652466,0.8643593192100525,0.861916720867157,0.8203966617584229,0.8974728584289551,0.8940910696983337,0.9584737420082092,0.8181523084640503
AutoPET_7323c415d0_21910,0.8918028473854065,0.7674450278282166,0.8313890695571899,0.8458713293075562,0.7342053651809692,0.9159573316574097,0.7781135439872742,0.9748933911323547,0.8515114188194275
AutoPET_7365362464_59710,0.923437774181366,0.7954221963882446,0.9092980027198792,0.9418103694915771,0.7853526473045349,0.8796126246452332,0.8679900169372559,0.9903399348258972,0.9105443358421326
AutoPET_75046e0c12_48249,0.8860428333282471,0.8012627959251404,0.0,0.9113892316818237,0.8067569732666016,0.8779900074005127,0.8422113060951233,0.9920077323913574,0.9063665866851807
AutoPET_75210090cd_41469,0.915471613407135,,0.9314813613891602,0.9295085668563843,0.84735107421875,0.9223997592926025,0.9221531748771667,0.974139392375946,0.8875696659088135
AutoPET_75d1080946_72389,0.901915967464447,0.8198477625846863,0.9147922992706299,,0.8160287737846375,0.8664616346359253,0.8565682172775269,0.9695476293563843,0.8689737915992737
AutoPET_75e42ff05f_21375,0.9018169045448303,0.7423858046531677,0.9143202304840088,0.9344963431358337,0.7698105573654175,0.8983309268951416,0.8457977175712585,0.9797260761260986,0.8862246870994568
AutoPET_76ebd5c736_09310,0.8377606272697449,0.7780203819274902,,0.9111689925193787,0.7787457704544067,0.7466839551925659,0.8980258107185364,0.9865574836730957,0.8736872673034668
AutoPET_77bceab232_21240,0.875647783279419,0.2996499538421631,0.9309858083724976,0.9132642149925232,0.7442975044250488,0.730277955532074,0.7252886295318604,0.9233201146125793,0.652312695980072
AutoPET_78355d1d4f_63813,0.8885340690612793,0.6004505753517151,0.9074079394340515,0.8966554403305054,0.7564466595649719,0.9086571335792542,0.8271008729934692,0.9652695655822754,0.8401462435722351
AutoPET_78b89bc739_17334,0.8812089562416077,0.7044151425361633,0.9068641662597656,0.9211797118186951,0.7972149848937988,0.8884454965591431,0.8295244574546814,0.9867281317710876,0.8421627283096313
AutoPET_790246c76c_97446,0.902540922164917,0.8127905130386353,0.9360018968582153,0.9151701927185059,0.8156602382659912,0.7622167468070984,0.9418640732765198,0.9474367499351501,0.8149404525756836
AutoPET_7958ce0f7c_85489,0.8507121205329895,0.7648547291755676,0.8803741931915283,0.8771786689758301,0.7691810727119446,0.6301484704017639,0.8444998264312744,0.9871544241905212,0.8427096009254456
AutoPET_7978e9fe62_85763,0.8722569346427917,0.6653261780738831,0.8257240653038025,0.9322428703308105,0.7523949146270752,0.7432375550270081,0.8795554637908936,0.9129272103309631,0.7897579073905945
AutoPET_7a262070a9_58120,0.8769031167030334,0.8371403813362122,0.8928597569465637,0.902548611164093,0.8321738243103027,0.9250274300575256,0.8464339971542358,0.9579393267631531,0.8131468892097473
AutoPET_7a3a27371a_47449,0.9191141724586487,0.8809856176376343,0.9074648022651672,0.8886599540710449,0.788362443447113,0.8463448882102966,0.8986042737960815,0.9650993943214417,0.8712273240089417
AutoPET_7a8a062ed5_27527,0.8994432091712952,,0.935194730758667,0.9489320516586304,0.8075424432754517,0.9189406037330627,0.8789411783218384,0.9831807613372803,0.9220395088195801
AutoPET_7b42056ee3_73138,0.8792544603347778,,0.9111573100090027,,0.6796069741249084,0.898170530796051,0.8695807456970215,0.9827049374580383,0.9052944183349609
AutoPET_7b9d625330_75418,0.8826764225959778,0.8866537809371948,0.9090002775192261,0.918775200843811,0.7734731435775757,0.8259989023208618,0.8628601431846619,0.9896095991134644,0.9086636304855347
AutoPET_7c96c4626d_22056,0.9345764517784119,0.7276391983032227,0.8923344016075134,0.89268958568573,0.7771276235580444,0.9058893918991089,0.9037172198295593,0.9450960159301758,0.7887908816337585
AutoPET_7d8aa1e94d_89111,0.8986953496932983,0.7913824915885925,0.9567629098892212,0.9433693289756775,0.7676951885223389,0.802862823009491,0.9063607454299927,0.9703155159950256,0.8713432550430298
AutoPET_7d97f7a102_22679,0.8414256572723389,0.6835340261459351,0.9142847657203674,0.9125778079032898,0.7576285600662231,0.7977495789527893,0.8252725601196289,0.9507911801338196,0.7673251032829285
AutoPET_7e56b0b62c_57089,0.9029211401939392,0.8417441248893738,0.9324836134910583,0.9270500540733337,0.8410086631774902,0.8138441443443298,0.9319589138031006,0.9880369305610657,0.9205142855644226
AutoPET_7e5729ea40_35422,0.8744373321533203,0.8245776891708374,0.9145373106002808,0.9269108772277832,0.7326366305351257,0.8815559148788452,0.8507124781608582,0.9695621728897095,0.8850430846214294
AutoPET_7ed037687a_34568,0.8434591293334961,0.7134488821029663,0.9319618940353394,0.9207234382629395,0.734890878200531,0.9546952247619629,0.874614953994751,0.9667247533798218,0.6817633509635925
AutoPET_7ee7610b9e_58977,0.8377679586410522,0.784669041633606,0.9324591159820557,0.9373136758804321,0.7631206512451172,0.8997271060943604,0.8517427444458008,0.9735345244407654,0.7808911204338074
AutoPET_7ef5343426_51720,0.9260510802268982,0.8915945887565613,0.9303736090660095,0.937929093837738,0.8302277326583862,0.9231039881706238,0.8570417165756226,0.976938009262085,0.9199396967887878
AutoPET_7faf36a152_16783,0.9239203333854675,0.6122146248817444,0.9191702604293823,0.919376790523529,0.8054913282394409,0.828235387802124,0.9136996269226074,0.9584738612174988,0.9553444385528564
AutoPET_7faf36a152_26480,0.9239696264266968,0.6630831360816956,0.9241875410079956,0.9386400580406189,0.8293454647064209,0.8381978273391724,0.9557324647903442,0.978134274482727,0.8566302061080933
AutoPET_80ccbdadf9_73465,0.8295767307281494,0.757559597492218,0.9071896076202393,0.9398680925369263,0.7873629331588745,0.8393545746803284,0.7107918858528137,0.9779036045074463,0.8695088028907776
AutoPET_80d7e682f7_04329,0.8702852129936218,0.7209265232086182,0.9527031779289246,0.915539562702179,0.8060990571975708,0.8681566715240479,0.9298186302185059,0.9518606066703796,0.910650908946991
AutoPET_80f21e1ed0_60752,0.8621767163276672,0.8780801296234131,0.8928660750389099,0.9044089317321777,0.7576078772544861,0.7623762488365173,0.8102369904518127,0.9726436138153076,0.6505366563796997
AutoPET_81debf13a1_10303,0.8986048698425293,0.770687460899353,0.8463501930236816,0.8948548436164856,0.6780358552932739,0.6331029534339905,0.781968891620636,0.778627336025238,0.6549396514892578
AutoPET_824c6a0014_51928,0.9033949375152588,0.8921145796775818,0.9101808071136475,0.8896244168281555,0.8182880878448486,0.9261562824249268,0.8456981182098389,0.9870747327804565,0.9052565693855286
AutoPET_8311aeddb9_31618,0.8723563551902771,0.7659466862678528,0.9015340209007263,0.9155694246292114,0.7830930352210999,0.8918173313140869,0.9179062247276306,0.9643352031707764,0.8967120051383972
AutoPET_8311aeddb9_57155,0.9021084308624268,0.816170871257782,0.9022353887557983,0.9145711064338684,0.757979154586792,0.8443225622177124,0.944669246673584,0.9769065380096436,0.8893718719482422
AutoPET_83e4c5b578_45776,0.8987824320793152,0.7677707672119141,0.902310848236084,0.9267773032188416,0.7919529676437378,0.8687855005264282,0.9050315618515015,0.9697310924530029,0.8212870359420776
AutoPET_8de70b5cd7_09110,0.9359816908836365,0.48658233880996704,0.927125096321106,0.9206628799438477,0.747829020023346,0.7545092701911926,0.904925525188446,0.9439560174942017,0.8655181527137756
AutoPET_8e02f36295_16386,0.8895964622497559,0.8604199886322021,0.8831297159194946,0.8875741958618164,0.7602326273918152,0.8880389928817749,0.9165842533111572,0.9704242944717407,0.7757493853569031
AutoPET_8eb3998417_37591,0.8527497053146362,0.8629487752914429,0.901387631893158,0.8996357321739197,0.6896597743034363,0.9213086366653442,0.8548265695571899,0.9026693105697632,0.7167134881019592
AutoPET_8f2878df50_89268,0.8812174797058105,0.8537889719009399,0.9100369811058044,0.9332631826400757,0.8129152059555054,0.9388941526412964,0.8805227875709534,0.9756057858467102,0.8932425379753113
AutoPET_901573a747_32417,0.8237835168838501,0.9372701048851013,0.9578754305839539,0.9359543323516846,0.7708739638328552,0.7587432265281677,0.8717911243438721,0.9812023043632507,0.9065900444984436
AutoPET_90d668ed29_12980,0.8974412679672241,0.8403923511505127,0.9386748671531677,0.925696611404419,0.8500945568084717,0.8117512464523315,0.8621503710746765,0.8840739727020264,0.8522058129310608
AutoPET_91cfa804b0_30574,0.9031136631965637,0.6977841258049011,0.855080246925354,0.8654028177261353,0.7752082943916321,0.6432706117630005,0.8677775859832764,0.9822805523872375,0.8913613557815552
AutoPET_92c3de23f5_07499,0.8947272896766663,0.8871843218803406,0.89293372631073,0.9071812629699707,0.8116406202316284,0.8737376928329468,0.9053706526756287,0.9848542809486389,0.8007425665855408
AutoPET_92c5c944a5_02737,0.8107119798660278,0.7733958959579468,0.9567766189575195,0.9515776038169861,0.7191819548606873,0.8423416018486023,0.7470734119415283,0.9803649187088013,0.7886838912963867
AutoPET_93132553f6_51100,0.9328404068946838,0.5527220368385315,0.9134278297424316,0.8938032388687134,0.7392129302024841,0.8036372065544128,0.8294726014137268,0.9842689037322998,0.901206374168396
AutoPET_93bea242d1_35614,0.9115962386131287,0.0,0.9222577214241028,0.39762189984321594,0.7387272715568542,0.8146520256996155,0.8694471716880798,0.9654068946838379,0.8139412999153137
AutoPET_94962fe878_57422,0.7724090814590454,0.8591300249099731,0.9295387268066406,0.9212229251861572,0.8132360577583313,0.8962292671203613,0.7933098077774048,0.9916858077049255,0.8669320940971375
AutoPET_94986389d4_46343,0.8944069147109985,0.0,0.8922709226608276,0.8580935597419739,0.7080554366111755,0.8869479894638062,0.7857221961021423,0.9681943655014038,0.9242493510246277
AutoPET_94cc0dac49_53966,0.9159867763519287,0.0,0.904076337814331,0.9071735739707947,0.7793786525726318,0.8302870988845825,0.8509623408317566,0.0,0.8961009979248047
AutoPET_956520090b_86141,0.8918895125389099,0.8776875734329224,0.9267412424087524,0.9355706572532654,0.8444970846176147,0.8407386541366577,0.751492977142334,0.9859274625778198,0.9085795879364014
AutoPET_960c5f4262_99933,0.9007319211959839,,0.9250398278236389,0.9195865392684937,0.7795886397361755,0.9008757472038269,0.889508843421936,0.9887466430664062,0.8588625192642212
AutoPET_96e7a3ab28_34864,0.6966566443443298,0.0,0.8174914121627808,0.8759592771530151,0.7871169447898865,0.5631898045539856,0.670635998249054,0.9515066146850586,0.8837669491767883
AutoPET_97320b0b58_10200,0.865835428237915,0.7080933451652527,0.8917344212532043,0.7736642956733704,0.7639951109886169,0.6027892231941223,0.8124445080757141,0.7083333134651184,0.8279679417610168
AutoPET_978c395243_90116,0.9277442693710327,0.7561650276184082,0.7786779403686523,0.9064196944236755,0.7767831087112427,0.8649113774299622,0.7907025218009949,0.9619477391242981,0.9303029179573059
AutoPET_9837205b34_19630,0.760119616985321,0.9031274914741516,0.0,0.0,0.7916634678840637,0.7453188300132751,0.8574460744857788,0.9270508885383606,0.7728405594825745
AutoPET_98c6af8b90_21188,0.8983197212219238,0.6142395734786987,0.9409468770027161,0.9100454449653625,0.7928751707077026,0.7603630423545837,0.9179738163948059,0.8031162023544312,0.866681694984436
AutoPET_98cd91d44e_87006,0.8940648436546326,0.7846177220344543,0.9133281707763672,0.9105119705200195,0.8096315860748291,0.906966507434845,0.8816365599632263,0.9549726843833923,0.8978435397148132
AutoPET_9902caa7ec_17819,0.9104368686676025,0.8039685487747192,0.8874025344848633,0.9117550849914551,0.6706355214118958,0.8055762648582458,0.859561026096344,0.949083149433136,0.8872761726379395
AutoPET_997d4ef9a7_14519,0.9246681928634644,0.7422889471054077,0.943831205368042,0.92475426197052,0.7882620096206665,0.8189261555671692,0.8420057892799377,0.9744357466697693,0.7154232859611511
AutoPET_9a2bfe901f_57085,0.8730565905570984,0.3474676012992859,0.9539628624916077,0.9343969821929932,0.855666995048523,0.8165434002876282,0.7853313088417053,0.9874683022499084,0.8971682190895081
AutoPET_9a418f3b3a_28692,0.8704767823219299,0.0,0.9558398723602295,0.9615180492401123,0.789921760559082,0.8065651059150696,0.8907172083854675,0.9519907236099243,0.7927474975585938
AutoPET_9a66a81ad1_42006,0.8324087262153625,0.8873621821403503,0.9028565883636475,0.9135698676109314,0.7443801164627075,0.8789054155349731,0.8799272179603577,0.9683659672737122,0.775946855545044
AutoPET_9a66a81ad1_71418,0.8434211015701294,0.914759635925293,0.881869375705719,0.8744471073150635,0.7852693796157837,0.9097682237625122,0.8431044220924377,0.9506068229675293,0.6973510980606079
AutoPET_9a66a81ad1_84406,0.7907323241233826,0.8094462752342224,0.8859311938285828,0.8793862462043762,0.764445424079895,0.9238808155059814,0.8815813660621643,0.962486743927002,0.6827178597450256
AutoPET_9a83943958_73758,0.7348346710205078,0.7841491103172302,0.9092295169830322,0.9027751684188843,0.7108643651008606,0.7778935432434082,0.8115537762641907,0.8479906320571899,0.8098656535148621
AutoPET_9aa97cf103_81345,0.8449270129203796,0.7783651351928711,0.9409632086753845,0.9535788893699646,0.8536962866783142,0.8699855804443359,0.869147539138794,0.8824415802955627,0.9168140292167664
AutoPET_9abb9583ec_94034,0.898798942565918,0.8385922312736511,0.8892557621002197,0.9024266004562378,0.7909154295921326,0.9090866446495056,0.8919747471809387,0.9913000464439392,0.9434128999710083
AutoPET_9ad7dffae6_96349,0.8811158537864685,0.7932541370391846,0.8977744579315186,0.9129788279533386,0.6308792233467102,0.7983556985855103,0.7919788956642151,0.8297103643417358,0.6074538230895996
AutoPET_9afd440677_70730,0.6277592778205872,0.8855708837509155,0.9067111015319824,0.8931638598442078,0.6689400672912598,0.899640679359436,0.8635861873626709,0.9408863186836243,0.7941132187843323
AutoPET_9b1bb2165a_15297,0.8539657592773438,0.0,0.8673609495162964,0.9036228060722351,0.7557506561279297,0.8297714591026306,0.8904716968536377,0.9712019562721252,0.8357547521591187
AutoPET_9b53627d23_98837,0.9243119955062866,,0.891461193561554,0.9046558737754822,0.7950506210327148,0.7995653748512268,0.9099367260932922,0.9505696296691895,0.8819324970245361
AutoPET_9c8842d12e_69216,0.9374678134918213,0.11858316510915756,0.9102981686592102,0.8878592252731323,0.7727171778678894,0.8268799185752869,0.8863674402236938,0.9801068902015686,0.8992351293563843
AutoPET_9d6699f215_75688,0.9054891467094421,0.8220599293708801,0.9196041822433472,0.9317575097084045,0.7784629464149475,0.7052919864654541,0.922808051109314,0.9499057531356812,0.767255961894989
AutoPET_9d6e9223cc_30924,0.9060083031654358,0.6950721740722656,0.9224534630775452,0.9397051930427551,0.7904800176620483,0.8902990818023682,0.777145266532898,0.9682604670524597,0.9098652005195618
AutoPET_9d97ac5d4d_99586,0.8446498513221741,0.6532782316207886,0.886917233467102,0.8975122570991516,0.7005125880241394,0.6018569469451904,0.8748801946640015,0.9284853935241699,0.2682727575302124
AutoPET_9e864bb710_82476,0.8801703453063965,0.5830346345901489,0.9299469590187073,0.8963304758071899,0.6798818111419678,0.8420640230178833,0.8286380767822266,0.9268316030502319,0.724561333656311
AutoPET_9f206193d3_09043,0.8845190405845642,0.5511133670806885,0.9281604886054993,0.9171183705329895,0.8042887449264526,0.8887022733688354,0.8086837530136108,0.9682638049125671,0.7707919478416443
AutoPET_9f206193d3_98703,0.889133095741272,0.754069447517395,0.9348376393318176,0.9400027990341187,0.8013886213302612,0.8093518614768982,0.8767572641372681,0.950211226940155,0.9145094156265259
AutoPET_9f6e8b1b43_64835,0.7143062353134155,0.6295568943023682,0.929110050201416,0.9423068761825562,0.841084361076355,0.809880793094635,0.8382983803749084,0.9505372643470764,0.9150820374488831
AutoPET_a09210d96b_41079,0.9104130268096924,0.8693724274635315,0.9008051753044128,0.9025436043739319,0.721442461013794,0.8886945247650146,0.7984011769294739,0.9892594218254089,0.8638955950737
AutoPET_a19c2a0c65_55038,0.8408871293067932,0.7504450082778931,0.8768607974052429,0.8879725337028503,0.723591148853302,0.8922371864318848,0.909517765045166,0.943058431148529,0.8770803809165955
AutoPET_a1db71e797_62987,0.8944746255874634,0.8263458013534546,0.9351127743721008,0.9523123502731323,0.7495482563972473,0.8944993019104004,0.8077026009559631,0.987278938293457,0.7556756138801575
AutoPET_a25083ff81_20379,0.8806400299072266,0.7412696480751038,0.9005795121192932,0.9010758996009827,0.8208803534507751,0.8996357321739197,0.8524243235588074,0.8732712864875793,0.8067519068717957
AutoPET_a29cae0316_04681,0.8916010856628418,0.8363102078437805,0.9199376702308655,0.9181297421455383,0.8248154520988464,0.9252077341079712,0.9306504726409912,0.9893736839294434,0.9309520721435547
AutoPET_a2a68bbe97_31502,0.9186847805976868,0.8604264259338379,0.9368884563446045,0.9193408489227295,0.7824540138244629,0.9245635867118835,0.9252723455429077,0.8994802832603455,0.8510069251060486
AutoPET_a37b4bca43_47963,0.8577826023101807,0.7585649490356445,0.931610643863678,0.9291568994522095,0.6636382937431335,0.8667897582054138,0.8110851645469666,0.9657320976257324,0.8635324239730835
AutoPET_a37c4e231f_39859,0.8612847924232483,0.7715314030647278,0.9451188445091248,0.9419909119606018,0.7634586095809937,0.8841811418533325,0.7353116273880005,0.9747783541679382,0.8240461349487305
AutoPET_aaf2c3aa12_42067,0.9058017730712891,0.8259498476982117,0.901444137096405,0.9251605272293091,0.8248605132102966,0.8076450824737549,0.9463063478469849,0.9684810638427734,0.8697143197059631
AutoPET_ac11b344b6_98064,0.9108386635780334,0.8371168375015259,0.9396103024482727,0.9423373341560364,0.7617393136024475,0.8509769439697266,0.7713717818260193,0.94142746925354,0.8980932235717773
AutoPET_ac700ab4db_73358,0.936499297618866,0.8389725685119629,0.9530743360519409,0.9137493371963501,0.7742760181427002,0.8566609621047974,0.905771017074585,0.9771699905395508,0.9090893268585205
AutoPET_ac75e49284_83508,0.9081244468688965,0.699138343334198,0.9126213788986206,0.924812376499176,0.8577646613121033,0.7309032678604126,0.8311154246330261,0.9240864515304565,0.9159258008003235
AutoPET_ad7c6a4a58_00777,0.9038081169128418,0.7614164352416992,0.9155281782150269,0.9267943501472473,0.7676010727882385,0.8971299529075623,0.8767670392990112,0.9693558812141418,0.8801760673522949
AutoPET_ad7cd4a9d2_67897,0.8152644038200378,0.8162742853164673,0.9216567277908325,0.9325432181358337,0.8527544736862183,0.8478097319602966,0.7981681227684021,0.9006236791610718,0.8867614269256592
AutoPET_ad99263bec_06189,0.7613660097122192,,0.9102361798286438,0.8210510015487671,0.7686194777488708,0.897728443145752,0.8269047737121582,0.9488646388053894,0.9127144813537598
AutoPET_adc49adb3d_59119,0.9008007049560547,0.6738271713256836,0.9080455303192139,0.9255689382553101,0.7844287157058716,0.8426331877708435,0.8343152403831482,0.963157057762146,0.8986627459526062
AutoPET_ae46202abb_77748,0.8572394847869873,0.8953289985656738,0.9118472337722778,0.8973692655563354,0.6940832138061523,0.7505086660385132,0.785585343837738,0.9774746298789978,0.7277129888534546
AutoPET_ae6a37a9d6_18818,0.6946314573287964,0.8857839703559875,0.8833245635032654,0.9082661867141724,0.7976164817810059,0.8632124662399292,0.7783920764923096,0.9751742482185364,0.8439931273460388
AutoPET_ae6a37a9d6_25113,0.6872374415397644,0.8218110799789429,0.8488418459892273,0.8970592617988586,0.7375546097755432,0.7691102623939514,0.6510975956916809,0.8584160208702087,0.6269194483757019
AutoPET_ae6a37a9d6_52902,0.7029111385345459,0.8541202545166016,0.8782308101654053,0.9000038504600525,0.81935715675354,0.8624744415283203,0.7790138721466064,0.9641637206077576,0.85511714220047
AutoPET_ae6a37a9d6_80520,0.6756437420845032,0.9331140518188477,0.865588366985321,0.8894756436347961,0.782079815864563,0.8529188632965088,0.7360399961471558,0.9596821069717407,0.8146739602088928
AutoPET_ae6a37a9d6_87760,0.6961048245429993,0.8959510326385498,0.8807491660118103,0.8983373641967773,0.8011106252670288,0.874868631362915,0.7034122347831726,0.9735146164894104,0.8195614814758301
AutoPET_ae8c77a995_79472,0.6930346488952637,0.0,0.9491099119186401,0.9852063655853271,0.8643377423286438,0.8291877508163452,0.7260451912879944,0.8321274518966675,0.7333488464355469
AutoPET_ae96f738c0_60169,0.9082260727882385,0.7834800481796265,0.9433048963546753,0.9472835063934326,0.7875744700431824,0.855832040309906,0.9189152717590332,0.9670035243034363,0.936510443687439
AutoPET_ae96f738c0_67749,0.9070741534233093,0.8308042287826538,0.9454510807991028,0.9413308501243591,0.7915979027748108,0.8629406094551086,0.8744786977767944,0.956450343132019,0.8705101013183594
AutoPET_aee7d68f86_24870,0.6867291927337646,0.8071402907371521,0.9023146629333496,0.9084872603416443,0.7158195972442627,0.8323157429695129,0.8646767735481262,0.9219820499420166,0.7785974740982056
AutoPET_af547fa618_11358,0.9024345874786377,0.0,0.9243549704551697,0.8961403369903564,0.7015533447265625,0.7630038857460022,0.859163761138916,0.9597759246826172,0.8697881102561951
AutoPET_b04be2846e_99019,0.8950753211975098,0.6917831897735596,0.9015920758247375,0.8825094699859619,0.7572242021560669,0.9132339954376221,0.819661021232605,0.9488664269447327,0.7738391757011414
AutoPET_b0e002e974_06465,0.8948692083358765,0.8292314410209656,0.9080906510353088,0.8937677145004272,0.7831070423126221,0.9035454392433167,0.8592780828475952,0.9861087799072266,0.8453778624534607
AutoPET_b0e002e974_27242,0.9024808406829834,0.746691882610321,0.8596720695495605,0.8489331603050232,0.7820013761520386,0.9208484292030334,0.9225806593894958,0.9875774383544922,0.8946279287338257
AutoPET_b1219c408b_34572,0.9022637009620667,0.8889274001121521,0.929042637348175,0.9105179309844971,0.7506289482116699,0.8738685250282288,0.8967216610908508,0.9665443301200867,0.9040901064872742
AutoPET_b1aa7ce13e_97882,0.8871625065803528,0.5041133165359497,0.9123603701591492,0.8969928026199341,0.7590752243995667,0.8486767411231995,0.9319745302200317,0.8847378492355347,0.8301845788955688
AutoPET_b1d6679284_34541,0.9166702628135681,0.8593915104866028,0.9155827164649963,0.9299975037574768,0.8162026405334473,0.9236114621162415,0.8987438082695007,0.9832109808921814,0.8833336234092712
AutoPET_b1de3d4248_61599,0.888525664806366,0.0,0.8992692232131958,0.8608235716819763,0.7603271007537842,0.8533527255058289,0.7263405323028564,0.9494459629058838,0.8908774256706238
AutoPET_b2244b5591_34904,0.8302744626998901,0.82390296459198,0.9017594456672668,0.9271712303161621,0.7635266780853271,0.9025366902351379,0.857647716999054,0.9594988822937012,0.9079561233520508
AutoPET_b258dfa7c2_07654,0.8950089812278748,0.784709632396698,0.908967137336731,0.9285745620727539,0.707722544670105,0.9004384279251099,0.8560103178024292,0.9662010669708252,0.9024662375450134
AutoPET_b2f82ed4b9_06609,0.8935979008674622,0.9020733833312988,0.9394351840019226,0.8719285726547241,0.9115649461746216,0.7045823335647583,0.833138644695282,0.9602514505386353,0.9324407577514648
AutoPET_b2f82ed4b9_26753,0.9232895970344543,0.6391304135322571,0.9276395440101624,0.8891493082046509,0.8240423202514648,0.7639544606208801,0.927285373210907,0.9470229148864746,0.8975399732589722
AutoPET_b3e923029c_64843,0.8274813294410706,0.8320958614349365,0.8812863826751709,0.90453040599823,0.752740204334259,0.8652693033218384,0.827021062374115,0.9476043581962585,0.8729425668716431
AutoPET_b3e923029c_84735,0.8708691000938416,0.6882550120353699,0.8609102964401245,0.9006288647651672,0.7487838864326477,0.9204825758934021,0.7043366432189941,0.9306202530860901,0.8667532205581665
AutoPET_b4247b8ecd_38148,0.9122707843780518,0.7163983583450317,0.9319632649421692,0.9324615001678467,0.8081763386726379,0.844428539276123,0.8917698860168457,0.9463757276535034,0.9182234406471252
AutoPET_b4247b8ecd_57904,0.9173948764801025,0.7862105965614319,0.9209903478622437,0.9378452301025391,0.8016579151153564,0.8103627562522888,0.8649635314941406,0.9388889074325562,0.9262174367904663
AutoPET_b42adab18e_60746,0.9124089479446411,0.8014245629310608,0.9091233015060425,0.9275171756744385,0.7335391640663147,0.4983266592025757,0.8656436204910278,0.8868471384048462,0.8114770650863647
AutoPET_b4e5c1047c_42556,0.8674452304840088,0.0,0.9099300503730774,0.9082122445106506,0.6710447072982788,0.0,0.719171941280365,0.04077797010540962,0.41685131192207336
AutoPET_b509ace2a2_84477,0.9076688289642334,0.8860912919044495,0.9506459832191467,0.9542590379714966,0.8324396014213562,0.8057700991630554,0.9182214140892029,0.9368148446083069,0.9434057474136353
AutoPET_b510436d83_03941,0.9190465807914734,0.6001071929931641,0.9301242232322693,0.9239779710769653,0.801301121711731,0.9027400016784668,0.8360297083854675,0.9805458188056946,0.9101269841194153
AutoPET_b510436d83_35292,0.9360610246658325,0.7852715253829956,0.9452076554298401,0.9204545617103577,0.8184671401977539,0.8537891507148743,0.9515467882156372,0.9954751133918762,0.8938921689987183
AutoPET_b52920038c_50621,0.905246913433075,0.7371066808700562,0.8889205455780029,0.8989958167076111,0.7589039206504822,0.8592149615287781,0.875056803226471,0.9478560090065002,0.8888731598854065
AutoPET_b5923963ac_32609,0.8453916907310486,0.7738499641418457,0.9128249287605286,0.9235441088676453,0.7981989979743958,0.8928422927856445,0.8040585517883301,0.9697281718254089,0.8179674744606018
AutoPET_b5923963ac_59935,0.8759980797767639,0.8009893298149109,0.9292994737625122,0.9321696162223816,0.8016022443771362,0.9067115783691406,0.8524224758148193,0.9843959212303162,0.7982001900672913
AutoPET_b62864161e_41034,0.9058085680007935,0.7761499881744385,0.9168683290481567,0.9231834411621094,0.7343806624412537,0.8772618174552917,0.8738158345222473,0.957813024520874,0.7610799670219421
AutoPET_b66ba83594_23908,0.8925908803939819,0.9149668216705322,0.9048759937286377,0.8722153902053833,0.808712363243103,0.8570957779884338,0.9189173579216003,0.9765852093696594,0.8635841012001038
AutoPET_b6a1ee33ef_43915,0.8838914632797241,0.7279713153839111,0.9308681488037109,0.9320388436317444,0.7889267206192017,0.7697807550430298,0.8655886650085449,0.9748939275741577,0.8397738933563232
AutoPET_b6a3c72db6_50469,0.8365654945373535,0.4818029999732971,0.9103441834449768,0.9036872982978821,0.7712778449058533,0.9160618185997009,0.9185751676559448,0.981463611125946,0.9425234198570251
AutoPET_b79961f3f6_20368,0.6321594715118408,0.19262294471263885,0.8865742087364197,0.902280867099762,0.8090672492980957,0.8739644885063171,0.7541853189468384,0.9571256637573242,0.7893222570419312
AutoPET_b926177c87_99946,0.9285556077957153,0.8467082381248474,0.8842858076095581,0.904254674911499,0.8191369771957397,0.9358782768249512,0.8523925542831421,0.9774864912033081,0.9430323243141174
AutoPET_ba717a1f22_01506,0.7860974669456482,0.7322105765342712,0.8987518548965454,0.9191120266914368,0.734757661819458,0.9408509731292725,0.7743049263954163,0.9606874585151672,0.8076912760734558
AutoPET_ba81e4b04b_51905,0.8872492909431458,,0.8971413969993591,0.8894450068473816,0.800147533416748,0.5519028306007385,0.8757160902023315,0.9589741826057434,0.7886826395988464
AutoPET_baacf43b4f_81091,0.9174696803092957,0.0,0.963629424571991,0.9481130242347717,0.7280631065368652,0.8560336232185364,0.9120550155639648,0.9577186703681946,0.863701581954956
AutoPET_bb564e29d2_41169,0.8961305618286133,0.8500000238418579,0.9332177639007568,0.9385886192321777,0.7849472761154175,0.8540050387382507,0.9020429849624634,0.9715694189071655,0.8880757689476013
AutoPET_c16c13211c_76612,0.9157222509384155,0.47635525465011597,0.9123713374137878,0.8890321254730225,0.811716616153717,0.7967225909233093,0.9066932201385498,0.9455106854438782,0.747803807258606
AutoPET_c1c9e78e0e_27207,0.8984425067901611,0.7568241357803345,0.8988179564476013,0.8940260410308838,0.7870224714279175,0.8403759598731995,0.8201836347579956,0.9914638996124268,0.8812182545661926
AutoPET_c227131152_44758,0.8756414651870728,0.2141273319721222,0.8726311326026917,0.8631907105445862,0.7836123704910278,0.8354371786117554,0.885805606842041,0.978999674320221,0.9010115265846252
AutoPET_c29aba73da_89538,0.8723081350326538,0.655729353427887,0.9399752020835876,0.911398708820343,0.8282537460327148,0.760216236114502,0.8020725846290588,0.8661160469055176,0.711333155632019
AutoPET_c2a51a65c6_57232,0.7664846181869507,0.8057752251625061,0.8594022393226624,0.8792834877967834,0.7412567734718323,0.9235259294509888,0.7312739491462708,0.9434676170349121,0.872826099395752
AutoPET_c3cc732d95_95170,0.8568455576896667,0.7475283145904541,0.9333623051643372,0.9383406639099121,0.7819340229034424,0.9218242168426514,0.7070555686950684,0.9843868017196655,0.8740593194961548
AutoPET_c517c47bed_36150,0.8247973918914795,,0.929060697555542,0.9154579639434814,0.7420451641082764,0.7029314041137695,0.8324339985847473,0.9334736466407776,0.8892247676849365
AutoPET_c58477f3b4_71683,0.8914343118667603,0.8575733304023743,0.9116243124008179,0.932940661907196,0.6476737260818481,0.878807783126831,0.8642523884773254,0.9301745891571045,0.7548006176948547
AutoPET_c787334539_93319,0.9287623167037964,0.7305325865745544,0.9330922961235046,0.9323127865791321,0.8703892230987549,0.8029925227165222,0.9108186960220337,0.9805958867073059,0.8788637518882751
AutoPET_c799ccc2f6_15112,0.9077762961387634,0.70923912525177,0.9297122955322266,0.9171138405799866,0.8239840269088745,0.7243709564208984,0.8977571725845337,0.9435379505157471,0.804358184337616
AutoPET_c7dc6f848c_41299,0.8867546319961548,0.8671354651451111,0.8948389291763306,0.8845085501670837,0.8116101622581482,0.8891931772232056,0.7998117208480835,0.9601765275001526,0.9095898866653442
AutoPET_c7fd7e3e30_28525,0.9085754156112671,0.6118211150169373,0.9008705615997314,0.9095883965492249,0.743992269039154,0.8953166604042053,0.8515255451202393,0.9592689871788025,0.815036416053772
AutoPET_c852dfc0a5_15871,0.8715068101882935,0.7793525457382202,0.9043561220169067,0.9371955990791321,0.8721095323562622,0.8495495319366455,0.856370747089386,0.960037350654602,0.844930112361908
AutoPET_c9f1b9980f_57516,0.9174009561538696,0.6840319633483887,0.9547743797302246,0.9387088418006897,0.8575679659843445,0.8684430718421936,0.9175618290901184,0.9424090385437012,0.8391233682632446
AutoPET_ca16242e89_61834,0.8646119236946106,0.7788687944412231,0.9100445508956909,0.9083369374275208,0.7770593762397766,0.9211296439170837,0.8443616628646851,0.9752975702285767,0.8696032166481018
AutoPET_ca16242e89_92869,0.9058212637901306,0.7867088317871094,0.9019142389297485,0.9104527831077576,0.8117344975471497,0.8942910432815552,0.8605339527130127,0.9800928831100464,0.8588762283325195
AutoPET_ca29501275_05940,0.90910804271698,0.14672952890396118,0.9098670482635498,0.9199881553649902,0.8686096668243408,0.889472246170044,0.8118686079978943,0.8834764957427979,0.767207682132721
AutoPET_ca58410fad_00731,0.8298943638801575,0.9032025933265686,0.8948965668678284,0.8920137286186218,0.7565794587135315,0.9019491076469421,0.8385887742042542,0.9682707786560059,0.9006379246711731
AutoPET_ca62984a81_24067,0.8508409857749939,0.8530880808830261,0.8668880462646484,0.9019036293029785,0.7534225583076477,0.8831110596656799,0.8374370336532593,0.9511802792549133,0.7692022323608398
AutoPET_ca89066e44_64009,0.8637884855270386,0.8926339745521545,0.959223747253418,0.9537163376808167,0.8466224670410156,0.8877666592597961,0.9060266017913818,0.9908943772315979,0.8405084013938904
AutoPET_ca9570a0eb_61774,0.9030849933624268,0.8272313475608826,0.9419787526130676,0.9475042819976807,0.8731936812400818,0.8270027041435242,0.8749857544898987,0.942100465297699,0.9056686758995056
AutoPET_cb83710e3d_91744,0.9087773561477661,0.86234050989151,0.9645508527755737,0.9585644006729126,0.8068428635597229,0.9180393218994141,0.9261958003044128,0.9752306938171387,0.8956682085990906
AutoPET_cbbc9e2879_22146,0.9005038738250732,0.7520180344581604,0.9259560108184814,0.923984944820404,0.8203992247581482,0.873395562171936,0.8681043982505798,0.975590705871582,0.8838018178939819
AutoPET_cbbc9e2879_27031,0.904544472694397,0.9364824295043945,0.9317218661308289,0.9195634126663208,0.8299645185470581,0.8982612490653992,0.8805744647979736,0.970880925655365,0.8173799514770508
AutoPET_cbbc9e2879_35581,0.8958421349525452,0.7898625135421753,0.9209047555923462,0.9020665884017944,0.822745680809021,0.8525806069374084,0.9104037880897522,0.971118152141571,0.7821054458618164
AutoPET_cbbc9e2879_56695,0.8845351338386536,0.830946147441864,0.9264228343963623,0.9203999638557434,0.8251528739929199,0.8301244378089905,0.5524978041648865,0.9842525720596313,0.9146533608436584
AutoPET_cc1698663a_19081,0.9016105532646179,0.46272012591362,0.9587311744689941,0.945031464099884,0.8174223899841309,0.8243493437767029,0.8280800580978394,0.9585851430892944,0.9386963844299316
AutoPET_cc7cb73213_86314,0.6770917773246765,0.8330284357070923,0.8980976939201355,0.8096005320549011,0.7775790095329285,0.6843195557594299,0.7962180972099304,0.9356691241264343,0.6557778120040894
AutoPET_ccd8f5ff71_53232,0.9243075251579285,0.19964663684368134,0.9139723777770996,0.9201292395591736,0.7852960824966431,0.8518025875091553,0.9059271812438965,0.970412015914917,0.8107805848121643
AutoPET_cd50f3fec4_23292,0.8885447382926941,0.510858416557312,0.9448477625846863,0.9423014521598816,0.8282337188720703,0.8801733255386353,0.9067392945289612,0.9897006750106812,0.9322722554206848
AutoPET_ce0ffef966_69667,0.721581220626831,0.0,0.8469298481941223,0.8308526277542114,0.6605573892593384,0.6718786954879761,0.8817184567451477,0.8851503729820251,0.680873692035675
AutoPET_d098458d29_08899,0.850561261177063,0.6695566773414612,0.864159345626831,0.8603548407554626,0.6763339042663574,0.8985351920127869,0.8486791253089905,0.9513179063796997,0.89765465259552
AutoPET_d103e57f0e_63742,0.8968589305877686,0.7443946003913879,0.8889708518981934,0.8405182957649231,0.7101656794548035,0.9048042893409729,0.7741382122039795,0.8427196741104126,0.5686193704605103
AutoPET_d1c8141930_89010,0.7810969352722168,0.7883040904998779,0.0,0.8909332752227783,0.7317172884941101,0.8644282221794128,0.7087263464927673,0.9635666608810425,0.8464840650558472
AutoPET_d1f456d229_50388,0.9052168130874634,0.8497701287269592,0.9254229068756104,0.9083724021911621,0.763290524482727,0.858404278755188,0.8982955813407898,0.9510047435760498,0.8009321689605713
AutoPET_d206b891ee_03873,0.8460168838500977,0.8695145845413208,0.9082686901092529,0.902073085308075,0.848312497138977,0.784105658531189,0.9309956431388855,0.9545575976371765,0.891751229763031
AutoPET_d31a5688a2_27218,0.9001268744468689,0.7775158882141113,0.9484915137290955,0.957920491695404,0.7710410952568054,0.8524797558784485,0.7725664973258972,0.9660944938659668,0.895205557346344
AutoPET_d3208ff062_85521,0.9324560165405273,0.8648018836975098,0.8936690092086792,0.9106472134590149,0.8142741918563843,0.8672656416893005,0.9269492626190186,0.9649614691734314,0.8938066363334656
AutoPET_d325897ff4_12812,0.8923026323318481,0.8515857458114624,0.9225872755050659,0.9304495453834534,0.8086193203926086,0.7636399269104004,0.921893835067749,0.9807029962539673,0.9297451972961426
AutoPET_d325897ff4_19525,0.9135245680809021,0.8403041958808899,0.9285199642181396,0.9383097290992737,0.7672085762023926,0.817423403263092,0.8989517688751221,0.9936610460281372,0.8902991414070129
AutoPET_d325897ff4_60657,0.9214163422584534,0.836776852607727,0.8772934675216675,0.8619994521141052,0.7937670350074768,0.8075144290924072,0.902668297290802,0.9940871596336365,0.9326680302619934
AutoPET_d32cf972af_81075,0.8720755577087402,0.8604613542556763,0.7593344449996948,0.8901010155677795,0.7863796353340149,0.9011666178703308,0.795602023601532,0.9860410690307617,0.6974825859069824
AutoPET_d3d3b7d4ff_95335,0.934457004070282,0.7750146389007568,0.9209440350532532,0.8819685578346252,0.8396543860435486,0.8814677596092224,0.8655187487602234,0.9700588583946228,0.8839943408966064
AutoPET_d3f13dff4b_55333,0.9124802350997925,0.8042641878128052,0.9113144874572754,0.8965702652931213,0.8062337636947632,0.8102843761444092,0.9046801924705505,0.9544631838798523,0.8115327954292297
AutoPET_d472033d3b_51450,0.6494632959365845,0.1817827969789505,0.8672650456428528,0.8835004568099976,0.8102393746376038,0.7912474274635315,0.7220283150672913,0.9140841960906982,0.7540017366409302
AutoPET_d4a08e4bde_65529,0.8973605632781982,0.7676417231559753,0.8766621351242065,0.9112609624862671,0.7453966736793518,0.8954361081123352,0.8475251197814941,0.9697181582450867,0.8239783048629761
AutoPET_d4d3d7dfc1_74897,0.9057190418243408,0.8448493480682373,0.9366522431373596,0.9210922718048096,0.7406306862831116,0.9219233393669128,0.7861769795417786,0.9868932962417603,0.9031277894973755
AutoPET_d51664a9e4_38087,0.8585461974143982,0.616763174533844,0.9047386646270752,0.9319076538085938,0.824738621711731,0.7030048966407776,0.8323420286178589,0.9639347791671753,0.7258482575416565
AutoPET_d65cf203be_61450,0.8682575225830078,0.8278061151504517,0.9033909440040588,0.9220128655433655,0.7545143365859985,0.8991591334342957,0.8243849873542786,0.9770097136497498,0.8371722102165222
AutoPET_d69c3fceba_13415,0.9042636752128601,0.8623806238174438,0.8991578817367554,0.8956508636474609,0.6876602172851562,0.9652054905891418,0.8235006928443909,0.924918532371521,0.8199062347412109
AutoPET_d6a48a629d_74240,0.90639328956604,0.7494600415229797,0.9235260486602783,0.932637631893158,0.8039006590843201,0.8610374927520752,0.9475679397583008,0.9866917133331299,0.9144948124885559
AutoPET_d6b2218bf3_87440,0.9048991799354553,0.8199684023857117,0.9411990642547607,0.9394155144691467,0.820325493812561,0.8173127174377441,0.8893613219261169,0.9426666498184204,0.9150171279907227
AutoPET_d8a92bafe3_39181,0.8795633912086487,0.0,0.919511616230011,0.5288140177726746,0.6876885890960693,0.8247414827346802,0.7400774955749512,0.8848862648010254,0.8179914355278015
AutoPET_d8e3aa97a0_76076,0.9221481680870056,0.7800740003585815,0.9395264983177185,0.9038724899291992,0.8292981386184692,0.8355861306190491,0.765017569065094,0.8446366190910339,0.9239126443862915
AutoPET_ddca6cfba6_47148,0.8900009393692017,0.8257540464401245,0.9405746459960938,0.9505091309547424,0.8546971678733826,0.9227660298347473,0.8364460468292236,0.97613126039505,0.9388742446899414
AutoPET_dec9ff6a91_15283,0.8841857314109802,0.6268692016601562,0.9176798462867737,0.8953605890274048,0.7602394223213196,0.9046438336372375,0.8359583616256714,0.9398354887962341,0.871780514717102
AutoPET_ded50b1e68_93797,0.9201405048370361,0.0021505376789718866,0.9077111482620239,0.911297619342804,0.7345337867736816,0.827451229095459,0.862856388092041,0.9766440987586975,0.736829400062561
AutoPET_df2e16771a_63775,0.9008407592773438,0.3065791726112366,0.8935852646827698,0.9033629894256592,0.748659610748291,0.86116623878479,0.9092561602592468,0.9820775389671326,0.8380952477455139
AutoPET_e00c98b415_86450,0.8534228205680847,0.5382248759269714,0.9411630630493164,0.946593165397644,0.7008200287818909,0.8032076954841614,0.6201484203338623,0.9480505585670471,0.8518422245979309
AutoPET_e04b7fa860_44830,0.7894366979598999,,0.8782370686531067,0.9241535663604736,0.7399914860725403,0.7444339394569397,0.740597128868103,0.9434972405433655,0.728291392326355
AutoPET_e09a20d8fc_62436,0.8874377608299255,0.7188668847084045,0.9379799962043762,0.9354040622711182,0.7382137179374695,0.8371749520301819,0.878339946269989,0.9813833832740784,0.6431944370269775
AutoPET_e0a7ccecad_43859,0.9169622659683228,0.8786657452583313,0.9428238868713379,0.9246199131011963,0.8095223307609558,0.904473066329956,0.8450218439102173,0.915229856967926,0.9157522916793823
AutoPET_e0aa99fa04_05827,0.9001404047012329,0.7915896773338318,0.9325354695320129,0.9331134557723999,0.8019578456878662,0.8100435733795166,0.8735055923461914,0.9344881772994995,0.8620234727859497
AutoPET_e0fdc6212a_28262,0.9191734790802002,0.7542413473129272,0.9265158772468567,0.9313752055168152,0.776484489440918,0.8957111239433289,0.9171146154403687,0.9782864451408386,0.9315447807312012
AutoPET_e1a4145b63_08969,0.8940669298171997,0.0,0.9479451775550842,0.9357789158821106,0.8113932013511658,0.8083342909812927,0.9367249011993408,0.9813675880432129,0.7499326467514038
AutoPET_e1a5b05186_36173,0.9256426095962524,0.8145198822021484,0.9162546396255493,0.8918918967247009,0.7381956577301025,0.8464778065681458,0.8902262449264526,0.9783976078033447,0.7211133241653442
AutoPET_e2309b8f92_14588,0.8970257639884949,0.19053708016872406,0.9162262678146362,0.9056932926177979,0.7949885725975037,0.8040549159049988,0.8815956711769104,0.9845633506774902,0.902076244354248
AutoPET_e2834e6f5c_51062,0.8557220697402954,0.6632039546966553,0.8790552020072937,0.9048612117767334,0.7578107118606567,0.7834306359291077,0.8897562623023987,0.8151233196258545,0.8761820793151855
AutoPET_e2a729e21f_78127,0.8557204008102417,0.7140762209892273,0.8433371186256409,0.889452338218689,0.7708049416542053,0.7095479369163513,0.7892775535583496,0.0,0.8076004385948181
AutoPET_e344879c2e_33234,0.9171385765075684,,0.928915798664093,0.9005765318870544,0.7185285091400146,0.9301472306251526,0.8262490034103394,0.9694169163703918,0.8512811660766602
AutoPET_e344879c2e_74906,0.9188433885574341,,0.9312840104103088,0.909713864326477,0.6923708915710449,0.9394370317459106,0.7858492136001587,0.9692812561988831,0.8453739881515503
AutoPET_e37d5b9bc2_00773,0.9114247560501099,0.0,0.943831205368042,0.9485321640968323,0.7963330745697021,0.8697985410690308,0.8946965336799622,0.9661613702774048,0.8224666714668274
AutoPET_e44480b9b8_00331,0.9056458473205566,0.8115667700767517,0.9189957976341248,0.8939713835716248,0.8608797192573547,0.7311851382255554,0.7980333566665649,0.8704813122749329,0.8858920335769653
AutoPET_e4749cda88_34566,0.8640940189361572,0.8288130760192871,0.9549290537834167,0.9178813099861145,0.8647229671478271,0.8943732380867004,0.8858450055122375,0.9545416235923767,0.9498000741004944
AutoPET_e4e5baf901_75290,0.9472107291221619,0.6010638475418091,0.8853748440742493,0.8758827447891235,0.8025712966918945,0.7368256449699402,0.8888888955116272,0.7820668816566467,0.6694280505180359
AutoPET_e4e99dbb47_52196,0.9277774095535278,0.770262598991394,0.9384732246398926,0.9266036152839661,0.8317473530769348,0.7691224813461304,0.9002401232719421,0.9714873433113098,0.8568388223648071
AutoPET_e52eca67d7_86848,0.6966111063957214,0.8217197060585022,0.8723858594894409,0.835972785949707,0.7934550642967224,0.8097870349884033,0.8607866168022156,0.9440454840660095,0.933330774307251
AutoPET_e5b1d6b4bd_90543,0.885128915309906,0.0,0.8892557621002197,0.9164214134216309,0.7625566720962524,0.4602879583835602,0.5876589417457581,0.9853442311286926,0.8155997395515442
AutoPET_e5e1918765_69923,0.9015133380889893,0.0,0.93936687707901,0.8911125063896179,0.829657793045044,0.8405176401138306,0.8265717625617981,0.9595681428909302,0.8901365399360657
AutoPET_e61c9da258_78457,0.8976479768753052,0.6952662467956543,0.8994905352592468,0.9340831637382507,0.7562493681907654,0.7998014688491821,0.8114343881607056,0.9566840529441833,0.777291476726532
AutoPET_e664932bbc_68140,0.841662585735321,0.8160447478294373,0.8684346079826355,0.8788005113601685,0.6757993102073669,0.8541203141212463,0.816676139831543,0.9607082605361938,0.8331872224807739
AutoPET_e68c4577d8_04338,0.6459067463874817,0.7868989109992981,0.936983048915863,0.9504216909408569,0.8629736304283142,0.7461820244789124,0.6528289914131165,0.917577862739563,0.862109899520874
AutoPET_e69152b6b4_31607,0.9011531472206116,0.7564643025398254,0.9209197759628296,0.93253493309021,0.8056291341781616,0.8096254467964172,0.8804208636283875,0.6199371218681335,0.8483148217201233
AutoPET_e6a91fef70_65080,0.9126538634300232,0.8061330914497375,0.9137720465660095,0.9415695071220398,0.77598637342453,0.7460495233535767,0.9145430326461792,0.9756871461868286,0.9376291036605835
AutoPET_e6b8b963b2_63791,0.858625054359436,0.8562580347061157,0.7904975414276123,0.7814845442771912,0.7000964879989624,0.932582676410675,0.7987735867500305,0.9678913950920105,0.6679074168205261
AutoPET_e77124b7f4_55351,0.8774300217628479,0.6651631593704224,0.9248412251472473,0.9478387832641602,0.7711670398712158,0.8699989318847656,0.7908336520195007,0.9389975666999817,0.769062876701355
AutoPET_e77c5fca12_85839,0.8485292196273804,0.8434144854545593,0.9321045875549316,0.9041963815689087,0.6900120377540588,0.9201357364654541,0.7376487851142883,0.9654949307441711,0.8838202953338623
AutoPET_e8624bab41_38521,0.8976399302482605,0.7512811422348022,0.9207527041435242,0.918022632598877,0.8045945763587952,0.9226784110069275,0.8370819091796875,0.990459680557251,0.8621999621391296
AutoPET_ea0fd89f0f_32502,0.8560072779655457,0.7395443320274353,0.9369664788246155,0.9513009190559387,0.8020882606506348,0.9092860817909241,0.8028822541236877,0.9842542409896851,0.8573883175849915
AutoPET_ea42c88cc7_88113,0.8752857446670532,0.7981308698654175,0.8697156310081482,0.9386641383171082,0.7970860600471497,0.7922859787940979,0.6383660435676575,0.9501606225967407,0.7964792251586914
AutoPET_eafa147e24_44792,0.8464708924293518,,0.8747670650482178,0.9215571880340576,0.6321886777877808,0.8983970880508423,0.7089406847953796,0.7747777700424194,0.7536391019821167
AutoPET_ebaa30ba2e_69806,0.8447799682617188,0.7991675138473511,0.9173154830932617,0.9407063126564026,0.8245589137077332,0.8128057718276978,0.8901734352111816,0.9879931807518005,0.9287830591201782
AutoPET_ebb0045704_08213,0.8526971936225891,,0.895666778087616,0.8838293552398682,0.6877289414405823,0.9411171674728394,0.823135495185852,0.976693332195282,0.7967262864112854
AutoPET_ec6b934720_66107,0.9027131199836731,0.7519023418426514,0.9147533178329468,0.9233775734901428,0.7652814984321594,0.9078876972198486,0.8661245107650757,0.944459855556488,0.8140845894813538
AutoPET_eca59074b9_73521,0.9082949161529541,0.733623206615448,0.9068688750267029,0.9149210453033447,0.7422634959220886,0.9284939169883728,0.8272988796234131,0.9014737010002136,0.9193497896194458
AutoPET_ed7abf4433_58502,0.8671125769615173,0.8071098327636719,0.9178794622421265,0.8981524109840393,0.7749363780021667,0.8601255416870117,0.8629246354103088,0.9460330605506897,0.8986440896987915
AutoPET_ed9dca00d2_44626,0.8630022406578064,0.9038397073745728,0.8808005452156067,0.930481493473053,0.796922504901886,0.7354052662849426,0.8225487470626831,0.7885937094688416,0.8538694381713867
AutoPET_ee97822c60_78725,0.8207563757896423,0.7715862393379211,0.895007312297821,0.8841665983200073,0.6714937090873718,0.8648160099983215,0.7980078458786011,0.887670636177063,0.750521719455719
AutoPET_eee2ede9ad_07089,0.9202159643173218,,0.7002536654472351,0.6085116863250732,0.8053832054138184,0.7090708613395691,0.9237870573997498,0.7221688628196716,0.5772636532783508
AutoPET_eeeda112bb_99935,0.8772560358047485,0.7240687012672424,0.9118370413780212,0.8990334868431091,0.7544757127761841,0.7958389520645142,0.8701099753379822,0.9703871011734009,0.91696697473526
AutoPET_efd619ecbf_27081,0.9034396409988403,0.8684131503105164,0.8912310600280762,0.9124931693077087,0.7488459944725037,0.8571752309799194,0.798167884349823,0.9700421094894409,0.7829261422157288
AutoPET_f01e83894d_61290,0.8831031322479248,0.8612950444221497,0.9542129039764404,0.9236630201339722,0.8553075790405273,0.8645403981208801,0.783622145652771,0.9487470984458923,0.7652014493942261
AutoPET_f0a1a38a3b_38725,0.9096765518188477,0.8351075053215027,0.9267323613166809,0.9228479266166687,0.8366329669952393,0.7646490335464478,0.8286960124969482,0.9362160563468933,0.8999878764152527
AutoPET_f11f3d3692_24052,0.8905729651451111,,0.9072115421295166,0.8970280289649963,0.781569242477417,0.3883293569087982,0.8707239627838135,0.9541564583778381,0.8450197577476501
AutoPET_f15b868db6_17521,0.8949052095413208,0.8717595934867859,0.9196486473083496,0.9243149757385254,0.7745250463485718,0.9174311757087708,0.8747400045394897,0.9764297604560852,0.906486451625824
AutoPET_f5c2c09846_57257,0.8329755067825317,0.0,0.9308414459228516,0.9424071907997131,0.7243150472640991,0.9184127449989319,0.7012640237808228,0.9181086421012878,0.8331366777420044
AutoPET_f603eeceba_29929,0.9405429363250732,0.7187936305999756,0.9169373512268066,0.9144175052642822,0.8397892117500305,0.8723090291023254,0.926738440990448,0.984169602394104,0.9060660004615784
AutoPET_1fa22c576e_16838,0.939933180809021,0.8731117844581604,0.9155141711235046,0.9050847291946411,0.7965569496154785,0.8122885227203369,0.8446770310401917,0.951828122138977,0.9172016978263855
AutoPET_20f4a3aa02_72010,0.9151366949081421,0.0,0.9347846508026123,0.904933750629425,0.8160931468009949,0.9136824607849121,0.9065721035003662,0.9521945714950562,0.7696244120597839
AutoPET_21853fc15b_55807,0.8736556768417358,0.8379946947097778,0.8282076120376587,0.9159771800041199,0.736526608467102,0.7826389074325562,0.8615570068359375,0.9509932398796082,0.8889402151107788
AutoPET_21e4ffcb52_72081,0.7721776962280273,0.6283948421478271,0.8644048571586609,0.9155495762825012,0.822292685508728,0.7882030606269836,0.8624102473258972,0.8824760913848877,0.7685369253158569
AutoPET_2202a936e0_73351,0.907879114151001,0.8364666700363159,0.9321515560150146,0.9307944178581238,0.8130834102630615,0.9028624892234802,0.9305942058563232,0.9773480892181396,0.9107588529586792
AutoPET_223f70f0b0_10527,0.9003307223320007,0.8129578232765198,0.9347308278083801,0.9209469556808472,0.7821914553642273,0.9096881747245789,0.8636304140090942,0.9682788848876953,0.9164992570877075
AutoPET_22d07bdc49_77260,0.867880642414093,0.7351133227348328,0.9457551836967468,0.9327306747436523,0.7136051058769226,0.8816919326782227,0.830207884311676,0.8238557577133179,0.3874775469303131
AutoPET_234f8427c0_25891,0.908582866191864,0.8036924600601196,0.9298791885375977,0.9223278760910034,0.73945552110672,0.3942338824272156,0.8520094156265259,0.9685759544372559,0.7129683494567871
AutoPET_234f8427c0_49172,0.9227023124694824,0.8858847618103027,0.939297616481781,0.9318923950195312,0.8153244853019714,0.524210512638092,0.9051321148872375,0.9807829856872559,0.8494445085525513
AutoPET_44b95650c3_37785,0.7675660252571106,0.7707720994949341,0.8985129594802856,0.9077730774879456,0.7486270666122437,0.6843920350074768,0.7256230711936951,0.9599879384040833,0.8000344634056091
AutoPET_44bf7dc508_41879,0.8956172466278076,0.6638180017471313,0.9177519083023071,0.9388620257377625,0.7806986570358276,0.9093667268753052,0.8787636160850525,0.9195763468742371,0.9381517171859741
AutoPET_456e6f9dc2_82544,0.9236356616020203,0.8575117588043213,0.907444179058075,0.8717014789581299,0.8374221324920654,0.7391048073768616,0.9094614386558533,0.9147924780845642,0.9020141363143921
AutoPET_465176d213_77090,0.9177144169807434,0.4740495979785919,0.9035467505455017,0.8913490772247314,0.8202204704284668,0.8878524899482727,0.9195032715797424,0.9827625155448914,0.9640607237815857
AutoPET_46ee4ddd68_86763,0.8326736092567444,0.21904762089252472,0.8918206691741943,0.8967633247375488,0.7207469344139099,0.8899487853050232,0.873637318611145,0.9804489016532898,0.7090917229652405
AutoPET_474d7af918_66154,0.9028635025024414,0.5592225790023804,0.887417733669281,0.8539918661117554,0.8039373159408569,0.7059658169746399,0.8945789337158203,0.9700860977172852,0.81246417760849
AutoPET_4760c0139a_28262,0.8771377801895142,0.8424233198165894,0.9283204674720764,0.9277439117431641,0.7124476432800293,0.6841301918029785,0.8393057584762573,0.9244036674499512,0.8833615183830261
AutoPET_4785066413_27776,0.8819243311882019,0.7365058660507202,0.8992535471916199,0.9040239453315735,0.742333710193634,0.78689044713974,0.7659114003181458,0.9802740812301636,0.7334391474723816
AutoPET_a3ce52b2a8_28693,0.8902919292449951,0.7906019687652588,0.9335594177246094,0.9363682270050049,0.7385464310646057,0.9214837551116943,0.857942521572113,0.9595449566841125,0.7824851870536804
AutoPET_a3ce52b2a8_48149,0.9001356363296509,0.8644503355026245,0.9104029536247253,0.9006547927856445,0.800098180770874,0.9560688734054565,0.7166023254394531,0.9881327152252197,0.7999311685562134
AutoPET_a3df01d3a3_66224,0.869040310382843,0.9318318963050842,0.874748945236206,0.878250002861023,0.8213229775428772,0.8844357132911682,0.8170791864395142,0.9897408485412598,0.8652521967887878
AutoPET_a471649d35_07385,0.8666088581085205,0.7040122151374817,0.9180884957313538,0.906043291091919,0.7702109813690186,0.8567938208580017,0.7327454090118408,0.9722092747688293,0.9293859004974365
AutoPET_a4a66c4fa7_13569,0.900843620300293,0.7675826549530029,0.927439272403717,0.8862103223800659,0.7391712069511414,0.8290321230888367,0.7151769399642944,0.9646684527397156,0.8240717649459839
AutoPET_a4cd2b10de_15665,0.9026254415512085,0.8627560138702393,0.8583213686943054,0.8864196538925171,0.7705147862434387,0.8150774240493774,0.8200650215148926,0.9857253432273865,0.8932902216911316
AutoPET_a4cd2b10de_78514,0.8746428489685059,0.793927013874054,0.8651033639907837,0.8916804790496826,0.797610878944397,0.8178788423538208,0.7187180519104004,0.9727519750595093,0.8692656755447388
AutoPET_a57bd6b006_13048,0.909317672252655,0.7714032530784607,0.9087963700294495,0.9182569980621338,0.7481305599212646,0.9263250231742859,0.8658280968666077,0.9182894825935364,0.7360913753509521
AutoPET_a627fc68a1_74771,0.8404960036277771,0.8682920336723328,0.917578935623169,0.9139282703399658,0.7619422078132629,0.2524808943271637,0.8724818825721741,0.9766162037849426,0.37077072262763977
AutoPET_a87dda9193_56863,0.9045122265815735,0.7907360196113586,0.9273175001144409,0.9222521185874939,0.7873317003250122,0.7301578521728516,0.8023314476013184,0.9745335578918457,0.471748411655426
AutoPET_a8a5e96821_49352,0.9312425851821899,0.4847182333469391,0.9026516675949097,0.8913365006446838,0.816307783126831,0.8336130976676941,0.9005753397941589,0.9178001284599304,0.8036754727363586
AutoPET_a8a5e96821_81737,0.918109655380249,0.4679050147533417,0.904665470123291,0.8729531168937683,0.808122992515564,0.723387598991394,0.9383334517478943,0.8756682872772217,0.7370004653930664
AutoPET_a90955352e_28986,0.9147650003433228,0.7210384607315063,0.9021034240722656,0.9107252359390259,0.8237067461013794,0.8446133136749268,0.8755677342414856,0.952864408493042,0.871606171131134
AutoPET_aa27cb9156_81079,0.8851956725120544,0.6653181314468384,0.9167510867118835,0.9145285487174988,0.7837225794792175,0.7530304789543152,0.8071524500846863,0.9086447358131409,0.8345367312431335
AutoPET_bbb2df1e31_90674,0.902268648147583,0.7856982946395874,0.8773826360702515,0.907965898513794,0.7599778175354004,0.9331527948379517,0.7594056725502014,0.9797606468200684,0.777190089225769
AutoPET_bd7603e9df_26867,0.8332353830337524,0.7064333558082581,0.8993526697158813,0.9041835069656372,0.7490794062614441,0.8803406953811646,0.7654427289962769,0.9771596789360046,0.8298152089118958
AutoPET_bd76c8d299_51077,0.886055052280426,0.7305309176445007,0.9125210046768188,0.9302378296852112,0.8376202583312988,0.8086751699447632,0.8724669814109802,0.9874372482299805,0.9307701587677002
AutoPET_be0d3c767e_57783,0.6421239376068115,0.6989278197288513,0.821713924407959,0.8452161550521851,0.7857563495635986,0.7892974019050598,0.77756667137146,0.9707792401313782,0.8354535698890686
AutoPET_bef465b4ad_73031,0.8801828622817993,0.34299707412719727,0.9125106334686279,0.9211179614067078,0.7607194781303406,0.9076992273330688,0.9124724268913269,0.9391764998435974,0.7999258041381836
AutoPET_bf178a41b2_45943,0.9125964045524597,0.0,0.9419100284576416,0.8987029790878296,0.753911554813385,0.7571518421173096,0.8837417364120483,0.9523926973342896,0.9046241044998169
AutoPET_bf7652bccc_97622,0.8909423351287842,0.5709111094474792,0.9251160621643066,0.8999780416488647,0.7754396200180054,0.590636134147644,0.9185884594917297,0.8980869650840759,0.7111946940422058
AutoPET_bfd89440db_10321,0.9446144700050354,,0.9163487553596497,0.9366328120231628,0.8093219995498657,0.9218297600746155,0.907492458820343,0.9736747741699219,0.8981266617774963
AutoPET_bfd89440db_45908,0.9142471551895142,,0.9132963418960571,0.9311367273330688,0.7994142770767212,0.918586254119873,0.8491647243499756,0.9776161909103394,0.9032498598098755
AutoPET_c018b45a49_81137,0.8562303185462952,0.8346273303031921,0.9120241403579712,0.9199084639549255,0.7896410226821899,0.8964572548866272,0.8872218132019043,0.9785560369491577,0.9149528741836548
AutoPET_c08293f2b2_63210,0.9029284119606018,0.611754298210144,0.9165503978729248,0.907935380935669,0.6933395266532898,0.8828622698783875,0.8046279549598694,0.955179750919342,0.863166868686676
AutoPET_c094a24c03_67291,0.8953293561935425,0.8011553287506104,0.9221901893615723,0.9256294965744019,0.7844881415367126,0.8430786728858948,0.8604865074157715,0.9747946262359619,0.9408955574035645
AutoPET_c094a24c03_87666,0.9265480041503906,0.8317444920539856,0.9271431565284729,0.9372652173042297,0.7954369783401489,0.847653329372406,0.91490638256073,0.9766613245010376,0.9406012892723083
AutoPET_c10f48b173_67287,0.9042848348617554,0.8719106912612915,0.8892359137535095,0.9021347165107727,0.7844481468200684,0.8392306566238403,0.8235899806022644,0.9815835356712341,0.8378774523735046
AutoPET_d951eeb735_21299,0.8910534381866455,0.8060482144355774,0.9156426787376404,0.8996778726577759,0.7438884973526001,0.7445096969604492,0.8381888270378113,0.947152316570282,0.8928629755973816
AutoPET_da4ce0da01_85721,0.9048823714256287,0.7741107940673828,0.9088549017906189,0.9109910726547241,0.8350856900215149,0.9280182719230652,0.8887345790863037,0.9754629731178284,0.9220649003982544
AutoPET_da6161d7eb_72862,0.8744330406188965,0.8313953280448914,0.9609648585319519,0.9557326436042786,0.8055920004844666,0.8742628693580627,0.8483608961105347,0.9827022552490234,0.9522738456726074
AutoPET_dae86b88e2_48447,0.8370823264122009,0.3267878592014313,0.8980692625045776,0.8949874639511108,0.5839895606040955,0.0,0.5757396221160889,0.713212788105011,0.5567419528961182
AutoPET_db3bac356a_65965,0.895252525806427,0.8313757181167603,0.8950546979904175,0.8974521160125732,0.7847849726676941,0.8505082726478577,0.7421231865882874,0.94781893491745,0.7432998418807983
AutoPET_dc15c1d9bb_22192,0.9189865589141846,0.7137619853019714,0.9256464838981628,0.933002769947052,0.805030882358551,0.8477413058280945,0.8191783428192139,0.956943690776825,0.8266428112983704
AutoPET_dc3437c9b9_60759,0.8776715993881226,0.6923670768737793,0.9223368763923645,0.9271972179412842,0.7788968086242676,0.8668491840362549,0.784995973110199,0.9694446325302124,0.9264889359474182
AutoPET_dc6174cb5d_09363,0.9071414470672607,0.0,0.9036412835121155,0.9001238942146301,0.7169325947761536,0.6885619759559631,0.8969383835792542,0.9402322769165039,0.6839957237243652
AutoPET_dc6174cb5d_78881,0.9009184241294861,0.0,0.9166775345802307,0.9090600609779358,0.7995471954345703,0.8386022448539734,0.9223625659942627,0.9761832356452942,0.8442906737327576
AutoPET_dd6165ae36_08084,0.882577121257782,0.726660430431366,0.919467031955719,0.9260461330413818,0.7765867710113525,0.8693291544914246,0.7871343493461609,0.8765811920166016,0.9121947288513184
AutoPET_dd887591a9_16620,0.8661521673202515,0.7446615099906921,0.9138187170028687,0.9397324323654175,0.7057907581329346,0.6624014377593994,0.8043397068977356,0.984355628490448,0.8618119359016418
AutoPET_dd8f9f217c_50103,0.9133013486862183,0.68540358543396,0.9223964810371399,0.9265986680984497,0.8061636686325073,0.8591189384460449,0.8787256479263306,0.9178383946418762,0.9311618208885193
AutoPET_f6295a93a6_47400,0.8691450953483582,0.8230762481689453,0.8703683614730835,0.8427567481994629,0.6963992118835449,0.8530459403991699,0.7889196276664734,0.9218502044677734,0.791595458984375
AutoPET_f650c87621_18719,0.9268010854721069,0.8063161969184875,0.9211973547935486,0.9041491746902466,0.8026378154754639,0.8121004104614258,0.7142234444618225,0.9639965295791626,0.9271547794342041
AutoPET_f650c87621_89620,0.9154139757156372,0.8897663950920105,0.9160700440406799,0.9197931885719299,0.8775270581245422,0.8973847031593323,0.9474853277206421,0.9806654453277588,0.8219934701919556
AutoPET_f65602d938_91477,0.9065426588058472,0.5183050036430359,0.9532143473625183,0.9413316249847412,0.8273329138755798,0.9374667406082153,0.8606441020965576,0.982331395149231,0.8377890586853027
AutoPET_f75d25523c_56532,0.8599808812141418,0.7619186639785767,0.9071078300476074,0.8788126707077026,0.7090347409248352,0.8093529939651489,0.8872658610343933,0.9742839336395264,0.8132522106170654
AutoPET_f7a9267a69_68818,0.6055521965026855,0.7062859535217285,0.8664057850837708,0.8802680373191833,0.8010539412498474,0.723932147026062,0.7122905254364014,0.9676783084869385,0.8967785239219666
AutoPET_f7a9267a69_75431,0.5624640583992004,0.6935298442840576,0.8083763122558594,0.8349457383155823,0.8129425644874573,0.750586748123169,0.8487515449523926,0.9583827257156372,0.7227978110313416
AutoPET_f8314eb3f7_46438,0.7051655650138855,0.789582371711731,0.8500000238418579,0.8909891247749329,0.8054243922233582,0.8326343297958374,0.6750988960266113,0.9607133269309998,0.7979974746704102
AutoPET_f8314eb3f7_98309,0.7047459483146667,0.8517906069755554,0.8338447213172913,0.8752071857452393,0.7838621735572815,0.8486922383308411,0.756784975528717,0.8298221230506897,0.79692542552948
AutoPET_f8aac0e202_41484,0.9196453094482422,0.7744079828262329,0.9079987406730652,0.9041274189949036,0.7687057256698608,0.9260444045066833,0.8960946202278137,0.9790570735931396,0.8646580576896667
AutoPET_f8aac0e202_85987,0.9325682520866394,0.8387388586997986,0.9001638889312744,0.909186840057373,0.804266631603241,0.8495795130729675,0.8273929953575134,0.9746866822242737,0.8972914814949036
AutoPET_fa45f610c4_25192,0.9176103472709656,0.0,0.9017102122306824,0.9170383810997009,0.8452264070510864,0.9419984221458435,0.9235429167747498,0.9604894518852234,0.9135475754737854
AutoPET_faf4a6dbaa_49516,0.8886511325836182,0.8099290728569031,0.9046647548675537,0.9251444935798645,0.7750890851020813,0.82306307554245,0.8755853176116943,0.9828313589096069,0.8524812459945679
AutoPET_fb014a1ea0_85859,0.8952564597129822,0.821733832359314,0.9148389101028442,0.8834536671638489,0.8035126328468323,0.8218795657157898,0.8982328772544861,0.972133994102478,0.905293881893158
AutoPET_fbd907a179_52084,0.9111826419830322,0.671392560005188,0.9295482039451599,0.9474594593048096,0.7657149434089661,0.7217807769775391,0.9140948057174683,0.923782467842102,0.846289336681366
AutoPET_fde66dd53a_79975,0.9381334781646729,,0.8783498406410217,0.8935744166374207,0.8199470639228821,0.8002897500991821,0.8925243616104126,0.9400113821029663,0.6539298295974731
AutoPET_fe705ea1cc_47025,0.9214649796485901,0.6593690514564514,0.8944281339645386,0.920634925365448,0.8404726386070251,0.7999712228775024,0.7582908272743225,,0.8369670510292053
AutoPET_ff1451316e_22165,0.8924509882926941,0.7975192666053772,0.8814814686775208,0.8764845728874207,0.7745684385299683,0.9109438061714172,0.900114119052887,0.9803807735443115,0.807635486125946
