name,aorta,gall_bladder,kidney_left,kidney_right,liver,pancreas,postcava,spleen,stomach
s0000,,,,,,,,,
s0001,0.5532976984977722,,0.3665577471256256,0.2078477442264557,0.9417362213134766,0.5912728309631348,0.0229155644774436,0.8828659653663635,0.7411859035491943
s0002,,,,,,,,,
s0003,,,,,,,,,
s0006,0.2065784484148025,0.1847579479217529,0.0912937968969345,0.0601255558431148,0.8632082343101501,0.4861426055431366,0.0826396122574806,0.8237614631652832,0.4275343120098114
s0009,0.0046776230446994,0.0,0.3569426536560058,0.000669079425279,0.0,0.0349702388048172,0.0,0.0290443785488605,0.1704929769039154
s0012,0.4943601489067077,,0.2005427181720733,0.1740083992481231,0.8799593448638916,0.1891376078128814,0.3330045640468597,0.5777041912078857,0.530135452747345
s0013,0.5746961832046509,,0.1648091673851013,0.2407212257385254,0.958971917629242,0.7030777335166931,0.1656879186630249,0.9364407062530518,0.878312885761261
s0014,0.5437525510787964,,0.0660893842577934,0.0055804406292736,0.866204559803009,0.1791847646236419,0.0919101238250732,0.6653424501419067,0.8941193222999573
s0021,0.0023964908905327,,,,,,,,
s0022,0.6161160469055176,0.5476251244544983,0.0205628834664821,0.0032861083745956,0.878139078617096,0.1899775564670562,0.0064661744982004,0.7093321681022644,0.6700164675712585
s0025,,,,,,,,,
s0032,0.0601965188980102,,0.0067208064720034,,0.4450889229774475,,0.0,0.0015867619076743,0.0089118368923664
s0034,0.5424473285675049,,0.1840985119342804,0.0657674521207809,0.8015581965446472,0.2429120242595672,0.0,,0.4610194563865661
s0035,0.0534559860825538,,,,,,,,
s0036,0.0,,,,,,,,
s0037,0.0987685993313789,,0.0093198595568537,,0.5329753756523132,0.0,0.0001775568234734,0.3047349154949188,0.2646035850048065
s0043,,,,,,,,,
s0044,0.0,,,,,,,,
s0048,0.539504885673523,,0.1476209312677383,0.2025223970413208,0.90846985578537,0.6186887621879578,0.186214417219162,0.7507778406143188,0.7347801923751831
s0049,0.0309234037995338,,0.1930088400840759,0.0438427962362766,0.7296761274337769,0.3323537707328796,0.0650740936398506,0.81304532289505,0.6554116606712341
s0056,,,,,,,,,
s0061,0.0,,,,,,,,
s0062,0.5426490902900696,,0.3969008326530456,0.0056699491105973,0.0,,0.0708613321185112,,
s0063,0.0,,,,,,,,
s0066,0.3994855582714081,0.0162677206099033,0.1073179394006729,0.0576525889337062,0.8153512477874756,0.5365365743637085,0.0858991369605064,0.2452561110258102,0.4275640547275543
s0067,0.0015664107631891,,,,0.2053311765193939,,0.0902009010314941,,
s0068,0.0457963868975639,0.0,0.0013426095247268,0.0002125850296579,0.0,0.237666830420494,0.0,0.116197183728218,0.0530019290745258
s0071,0.2719036340713501,,0.0375396646559238,0.083242729306221,0.9343110918998718,0.2438953816890716,0.0164131298661232,0.6969589591026306,0.8795395493507385
s0072,0.6069291830062866,,0.0381933152675628,0.0076082637533545,0.8118790984153748,0.5857936143875122,0.047577828168869,0.7783699631690979,0.6656320691108704
s0074,0.145185187458992,,,,,,0.0447876453399658,,
s0079,0.0,,,,,,,,
s0081,,,,,,,,,
s0083,0.0,,,,0.0,,0.0003369272162672,0.0904792323708534,0.6157137751579285
s0084,0.0,,,,0.0039768181741237,,0.0,0.0,
s0085,0.0,,,,0.0,,0.0,0.36502805352211,0.0009575104922987
s0092,0.5819965600967407,0.0,0.6264736652374268,0.0281260423362255,0.8152780532836914,0.4985673427581787,0.1620957851409912,0.6222228407859802,0.2963525950908661
s0098,0.4158794283866882,0.6165009140968323,0.392158031463623,0.2481674700975418,0.942533016204834,0.4456802904605865,0.1656865924596786,0.8811972737312317,0.6594902276992798
s0099,,,,,,,,,
s0100,,,,,,,,,
s0101,,,,,,,,,
s0103,,,,,,,,,
s0104,0.0,,,,,,0.0,,
s0105,0.453941285610199,,0.0138017563149333,0.0148950293660163,0.0801035836338996,0.3632567822933197,0.0010806638747453,0.0015729865990579,
s0110,0.0077237882651388,,,,,,,,
s0112,0.0,,,,,,,,
s0114,0.2186571359634399,,0.5053730010986328,0.4753744006156921,0.942113995552063,0.2392597496509552,0.0651551857590675,0.929625689983368,0.5930091738700867
s0117,0.6424279808998108,0.2358087301254272,0.3006822168827057,0.0741956010460853,0.8970599174499512,0.5460203886032104,0.0957714915275573,0.7713479995727539,0.803807258605957
s0122,,,,,,,,,
s0123,0.2957086265087127,0.5905736684799194,0.3731316030025482,0.0436030738055706,0.9588932394981384,0.5578356981277466,0.1243390515446662,0.945616602897644,0.8526909351348877
s0128,0.0012123311171308,,,,0.8676600456237793,,0.0,0.3094363510608673,0.1091295853257179
s0129,0.0,,,,0.0,0.009448267519474,0.0,,0.1446575075387954
s0130,0.0,,,,,,,,
s0131,0.4042249023914337,0.0961752086877822,0.2316329330205917,0.2172188758850097,0.9083118438720704,0.6641932129859924,0.0732370465993881,0.7394928932189941,0.8047475218772888
s0132,0.4360851645469665,,,,0.9558063745498656,0.5381078720092773,0.0269210394471883,0.7964115738868713,0.8717161417007446
s0136,,,,,,,,,
s0138,0.1674919724464416,0.0,0.4578161835670471,0.0331381224095821,0.8093180656433105,0.0043915403075516,0.0287444498389959,0.4184379279613495,0.7375462651252747
s0140,,,,,,,,,
s0146,0.0574459955096244,,,,0.9079560041427612,,0.0531453378498554,0.886512041091919,0.9103416204452516
s0149,,,,,,,,,
s0151,0.6374764442443848,0.6372167468070984,0.431111216545105,0.3781757056713104,0.9407168626785278,0.6036787629127502,0.199621319770813,0.9006901383399963,0.7945788502693176
s0152,0.0138687640428543,,,,,,,,
s0154,0.0,,,,,,,,
s0156,0.0305375885218381,,0.0363970249891281,0.0126564623787999,0.9308335185050964,0.0270684827119112,0.0020950087346136,0.3462046086788177,0.5500007271766663
s0159,,,,,,,,,
s0160,0.0001596615184098,,0.0,,0.9086745381355286,0.0078148478642106,0.0,0.1124569103121757,0.4677033126354217
s0162,0.197669044137001,,,,0.8646160364151001,,0.0003556187730282,0.8883485794067383,0.8522036671638489
s0163,0.1291485279798507,,0.0124242613092064,0.010470125824213,0.7577279806137085,0.2386336624622345,0.0022625015117228,0.618119478225708,0.792691707611084
s0165,0.1167664676904678,,0.1597252041101455,,0.9381273984909058,0.2860646247863769,0.0163682866841554,0.751334011554718,0.5675058960914612
s0167,0.0,,,,,,,,
s0169,0.0,,,,,,,,
s0170,8.519338734913617e-05,,,,,,,,
s0172,0.0053207213059067,,,,,,,,
s0174,0.5589847564697266,0.0495477765798568,0.3577331602573395,0.3487713634967804,0.911091148853302,0.4235218167304992,0.0307103879749774,0.7124192118644714,0.6323646306991577
s0175,0.0016594873741269,,,,0.6808704137802124,,0.0,0.815759003162384,
s0179,0.1167269498109817,,0.2058154791593551,0.0654340013861656,0.7755794525146484,0.1695599853992462,0.0,0.3503482937812805,0.6795183420181274
s0181,0.0001128604490077,,,,,,,,
s0184,0.089650459587574,,,,0.8728348612785339,0.0220717675983905,0.1097287163138389,0.8624233603477478,0.8118239045143127
s0185,0.0,,,,,,,,
s0187,,,,,,,,,
s0188,0.0040322579443454,0.0,0.0220122020691633,0.0,0.1175345554947853,0.0,0.0,,0.0006133088027127
s0191,0.0005849514855071,,0.0055826934985816,0.0,0.0147275822237133,9.262260573450476e-05,0.0,0.1380450576543808,0.1257675141096115
s0197,0.235315591096878,,0.0362282618880271,0.2107644826173782,0.9182450771331788,0.3209494650363922,0.0274095702916383,0.8478540778160095,0.6794059872627258
s0199,0.5798242092132568,,,,0.9323908090591432,0.0400808975100517,0.0011600927682593,0.8383859395980835,0.7000870704650879
s0208,,,,,,,,,
s0209,0.0013069089036434,,,,0.0,0.0,0.0,,0.0225079394876956
s0215,0.0243317056447267,,0.5176184773445129,0.1182760819792747,0.8113380074501038,,0.0163329411298036,0.8151372671127319,0.6335685849189758
s0216,0.0956411361694336,,,0.0387290827929973,0.4147003591060638,,0.0474268421530723,,
s0217,,,,,,,,,
s0219,0.0,,,,,,,,
s0220,0.0007028394611552,,0.3382169306278229,0.1082557737827301,0.8405948877334595,,0.0045293956063687,0.7364851832389832,0.6579017043113708
s0221,0.0,,0.0001999666710617,0.0,0.0001710849319351,0.1095308884978294,0.0,,0.0901913866400718
s0223,0.1554461568593979,,0.7871973514556885,,0.9557533264160156,0.0014197822893038,0.0229253731667995,0.911312997341156,0.7134807705879211
s0226,0.032680794596672,,,,,,,,
s0229,,,,,,,,,
s0230,0.0534150339663028,,,,0.7613548636436462,,0.0,0.0623266473412513,0.1156991943717002
s0231,0.1414830088615417,,0.0680404230952262,0.0946216210722923,0.853463351726532,0.5500758290290833,0.0834056213498115,0.6084635853767395,0.3895483314990997
s0233,0.0,,0.0,0.0,0.0,0.0119063723832368,0.0,0.1132448986172676,0.2700499296188354
s0234,,,,,,,,,
s0235,0.5432277917861938,0.0,0.2094841748476028,0.2521087229251861,0.9428368806838988,0.4346990585327148,0.1922989040613174,0.7441564798355103,0.8067704439163208
s0238,0.4486597180366516,0.6348611116409302,0.1822898387908935,0.2464995980262756,0.9443052411079408,0.6642600893974304,0.2553018033504486,0.8509246110916138,0.7906640768051147
s0241,0.1351545453071594,,,,0.9038981795310974,,0.0344059392809867,0.7938361167907715,0.7227195501327515
s0242,0.38914754986763,0.0101156067103147,0.3389152586460113,0.2666894495487213,0.9560182690620422,0.6450937390327454,0.1958260238170623,0.91996031999588,0.5147302150726318
s0245,0.4211260378360748,,0.0,0.0799693614244461,0.9204604625701904,0.4115724265575409,0.0640953406691551,0.7904354929924011,0.7521795034408569
s0246,0.2484222650527954,0.0,0.0022228229790925,0.1084112152457237,0.5057108998298645,,0.0,,0.0
s0247,0.3348875641822815,0.0507968142628669,0.2175153195858001,0.0008281192276626,0.9255616664886476,0.1688102930784225,0.1027287319302558,0.8097252249717712,0.3950427174568176
s0249,0.0606346204876899,,0.0091960839927196,0.0094619868323206,0.9262613654136658,0.0,0.0006097560981288,0.7189460396766663,0.5298482775688171
s0254,0.0,,,,,,,,
s0259,,,,,,,,,
s0261,0.6548618078231812,0.048438049852848,0.0729476287961006,0.1166338250041008,0.8040814399719238,0.3397822678089142,0.2589001953601837,0.8114681243896484,0.1957850009202957
s0263,0.0,,,,,,,,
s0265,0.4022309780120849,,0.1105527654290199,0.0203740540891885,0.0,,0.0,,
s0270,0.4774714410305023,,,,0.9213830828666688,,0.0009038526914082,0.8957393765449524,0.779734194278717
s0277,0.0420319661498069,,,,,,,,
s0278,,,,,,,,,
s0279,0.0763481557369232,,,,,,,,
s0281,0.0,,,,,,,,
s0282,,,,,,,,,
s0283,0.3226542472839355,0.0116040958091616,0.0538947619497776,0.0282164718955755,0.7783642411231995,0.337887555360794,0.0309132784605026,0.0095902355387806,0.1821771562099456
s0285,0.0224178880453109,,0.0,0.0,0.9435474872589112,0.1633538156747818,0.0004594532365445,0.6752861738204956,0.0004516507906373
s0287,0.4081873595714569,,0.062046255916357,0.0021358514204621,0.9071747660636902,0.3067512512207031,0.0872827619314193,0.7157358527183533,0.6330360770225525
s0288,0.0,,,,,,,,
s0289,0.1683426797389984,,,,,,,,
s0290,0.6460369229316711,,0.2371001690626144,0.0660405308008194,0.9160887598991394,0.3603686392307281,0.0489097200334072,0.7823771238327026,0.7785171270370483
s0291,0.5719195604324341,,0.2400213181972503,0.1056318208575248,0.9132091999053956,0.6396693587303162,0.2899633944034576,0.9155232906341552,0.8146653175354004
s0292,0.004626773763448,,,,,,,,
s0294,0.0921352431178093,,,,0.9063177108764648,,0.0160508267581462,0.5950542092323303,0.5959831476211548
s0295,,,,,,,,,
s0296,0.0,,,,,,,,
s0298,0.3391735851764679,,0.100077174603939,0.4439555406570434,0.5625296831130981,0.2589453458786011,0.0112549802288413,0.8707619309425354,0.2694903016090393
s0301,0.1438990235328674,,,,,,0.001592990825884,,
s0303,0.2799507081508636,,0.1347174793481826,0.198179081082344,0.9053546786308287,0.1331710368394851,0.0394656211137771,0.7311375737190247,0.7763749361038208
s0304,0.226929098367691,,0.0688730999827385,0.0696043893694877,0.9490612149238586,0.5525022149085999,0.0520954206585884,0.8476691246032715,0.7685694694519043
s0306,0.319185733795166,0.0146317668259143,0.2619828879833221,0.1191413551568985,0.9084206223487854,0.1897592097520828,0.0727646276354789,0.8024149537086487,0.6029256582260132
s0310,0.2171476781368255,,,,0.8306562900543213,,0.0,0.607252299785614,0.7720130681991577
s0311,0.6179932355880737,,0.1924392133951187,0.1686189919710159,0.963808536529541,0.608540952205658,0.1002808138728141,0.9190157651901244,0.8135898113250732
s0312,,,,,,,,,
s0313,0.0,,0.000129508509417,0.0,0.0,0.0,0.0,0.0,0.0
s0316,0.006988120265305,,,,,,0.0,,
s0321,0.1278962641954422,,0.2737737596035003,0.0525439940392971,0.8367780447006226,0.3538795709609985,0.002172284759581,0.7881579399108887,0.4894195199012756
s0322,0.3202598690986633,0.4037246406078338,,,0.95490825176239,,0.0050369375385344,0.9316582679748536,0.9099220633506776
s0326,0.03960682451725,,,,,,,,
s0331,0.1828178465366363,,0.2339575737714767,0.0929666832089424,0.8908076882362366,0.4351281225681305,0.0,0.7847697734832764,0.1196947991847992
s0333,0.1779276728630066,,,,,,,,
s0335,0.0,,,,0.0,,0.0015151514671742,0.0741578489542007,0.0
s0336,0.0,,,,0.0030354552436619,,0.0,0.2097062766551971,0.0007487832335755
s0338,0.3918794095516205,,,,0.9653626680374146,,0.1383518278598785,0.942315638065338,0.8904410600662231
s0340,,,,,,,,,
s0345,0.1199754476547241,,0.1840372681617736,0.0691049322485923,0.8532716631889343,0.3203324675559997,0.0044999541714787,0.7956031560897827,0.6660717725753784
s0346,0.0412542112171649,,,,,,,,
s0347,0.0,,,,0.1440537124872207,,0.0,0.0,0.0964360609650611
s0350,0.4069534540176391,,0.2361568361520767,0.0125718144699931,0.9153419733047484,0.3191266357898712,0.1200165450572967,0.7948228716850281,0.7238262891769409
s0352,,,,,,,,,
s0353,0.0,,,,0.0,0.0011665775673463,0.0,,0.0081256181001663
s0354,0.2443172186613083,,0.0659916624426841,0.0036550343502312,0.9222582578659058,0.5574493408203125,0.0042027193121612,0.8860910534858704,0.6084624528884888
s0356,0.0260211154818534,,,,0.3396013081073761,,0.0,0.0,0.0
s0357,0.1709068119525909,,0.1711021214723587,0.0211485102772712,0.9347866773605348,0.3236669898033142,0.153727650642395,0.8141719102859497,0.567953884601593
s0359,0.0,,,,,,,,
s0360,,,,,,,,,
s0361,0.5409578084945679,,,,0.7802661061286926,,0.3941634893417358,,
s0363,0.071303442120552,,0.6857729554176331,,0.914917290210724,0.4295671880245209,0.0020319302566349,0.8730886578559875,0.6540710926055908
s0364,0.0210018325597047,,0.8411493897438049,,0.9642816185951232,0.2402945160865783,0.0025756601244211,0.8765199780464172,0.9324655532836914
s0367,0.1170452758669853,,0.2882223725318908,0.0015216839965432,0.9048187732696532,0.4472451210021972,0.0496305413544178,0.7846699357032776,0.8129439353942871
s0368,0.0005813390016555,,,,0.0,,0.0,,
s0372,0.4379430115222931,,0.129302904009819,0.0640011131763458,0.8326405882835388,0.6234262585639954,0.0349911823868751,0.2371831238269806,0.844353199005127
s0373,0.0,,,,0.6211988925933838,,0.0,0.7492561340332031,0.0017018989892676
s0374,0.2658343911170959,,0.454276442527771,0.005597760900855,0.8492458462715149,0.0200557094067335,0.0080101182684302,0.7685583233833313,0.325487732887268
s0376,0.0,,,,0.0130379293113946,0.1180000007152557,0.0001996406499529,0.0,0.493146151304245
s0377,0.0080172205343842,,,,0.8990903496742249,,0.0264635123312473,0.6456043720245361,0.8251814842224121
s0378,0.0226685591042041,,,0.0,0.1628125011920929,0.000862440734636,0.0011199462460353,0.4775155484676361,0.1088565587997436
s0379,0.0,,,,,,,,
s0380,0.3467347621917724,0.1758803427219391,,,0.8628658652305603,0.5736743211746216,0.0395548492670059,0.8760166168212891,0.8225500583648682
s0381,0.0,,,,,,0.0,,
s0382,0.0239524859935045,,,,0.6942061185836792,,0.5940298438072205,,
s0383,0.2376846075057983,0.0,0.4216564297676086,0.3345266282558441,0.9113085865974426,0.4036920666694641,0.1926293224096298,0.324557900428772,0.5782216191291809
s0385,0.0,,,,,,0.0,,
s0386,0.0035872547887265,,0.0,,0.0,,0.0,0.0,0.0687359794974327
s0388,,,,,,,,,
s0389,0.0,,,,0.2188988029956817,,0.0,0.1751274615526199,0.2710091173648834
s0391,0.3353461027145386,,,,0.9008994698524476,,0.0,0.8078959584236145,0.5212167501449585
s0395,0.0,,,,,,,,
s0396,,,,,,,,,
s0398,0.0417455062270164,0.0,,0.0,0.7605839967727661,0.0,0.0,0.0738851726055145,0.0338529124855995
s0399,0.0,,,0.0,,,,,
s0400,0.0,,,,,,,,
s0401,0.5216090679168701,,0.0718508064746856,0.0216858144849538,0.9194425940513612,0.4004562497138977,0.1523770838975906,0.4999914169311523,0.6900749206542969
s0405,0.0374084934592247,,0.3457786738872528,,0.8753023147583008,,0.015362225472927,0.5306374430656433,0.1419237107038498
s0407,0.0254207085818052,,0.0932027101516723,0.0112815089523792,0.6457530856132507,0.1384350806474685,0.0007706799078732,0.746826171875,0.3331133127212524
s0410,,,,,,,,,
s0411,0.0,,,,,,,,
s0413,0.1005946174263954,0.0,0.8715805411338806,,0.9326261281967164,,0.0203852467238903,0.8285939693450928,0.8916681408882141
s0414,0.109176367521286,,,0.0,0.9624963998794556,,0.1231987699866294,0.8661518096923828,0.8986166715621948
s0417,,,,,,,,,
s0418,,,,,,,,,
s0419,,,,,,,,,
s0420,0.0232622921466827,,0.3696390986442566,,0.658706784248352,0.1335101723670959,0.0,0.5195143818855286,0.3547707200050354
s0421,0.0,,,,0.8721795082092285,,0.0017626968910917,0.4854441881179809,0.696419894695282
s0424,0.0036324523389339,,,,0.0,,0.0,0.0,0.0320918336510658
s0425,0.073604866862297,,0.7636502385139465,,0.9550378918647766,0.3232905864715576,0.0430507585406303,0.7984352111816406,0.5452184677124023
s0426,0.1258941292762756,,,,,,0.0487804859876632,,
s0430,0.2480365335941314,0.1613044738769531,0.1903155595064163,0.0811142399907112,0.9259089231491088,0.5726370811462402,0.1405782252550125,0.8631240129470825,0.672877311706543
s0433,0.2951363027095794,0.420120894908905,0.3067200779914856,0.2674772143363952,0.963474690914154,0.6412330269813538,0.3245091736316681,0.9596230983734132,0.9218977689743042
s0435,0.0,,,,,,0.0,,
s0436,0.1859414428472519,0.4573054909706116,0.3571164309978485,0.1113782972097396,0.9427492618560792,0.5320326089859009,0.1608518362045288,0.9203792810440063,0.8183415532112122
s0437,0.1569222062826156,,,,0.8728391528129578,,0.011343665421009,0.8614321351051331,0.8836930990219116
s0438,0.2635634243488312,0.1395079642534256,,0.1230141893029213,0.8821117281913757,0.4293785393238067,0.001623616204597,0.4309209883213043,0.9136192798614502
s0439,0.3213840126991272,0.3429679572582245,0.0190563648939132,0.0451486855745315,0.934973418712616,0.606347382068634,0.0015276505146175,0.858481764793396,0.8368791341781616
s0442,0.41976198554039,,,,,,0.0046838405542075,,
s0443,,,,,,,,,
s0444,0.0307580418884754,,,,0.95914626121521,,0.1025409698486328,0.7954058647155762,0.9380081295967102
s0446,0.2858040332794189,,0.0590865463018417,0.0037963630165904,0.7920148968696594,0.2874214947223663,0.1373722106218338,0.5618977546691895,0.8494627475738525
s0449,,,,,,,,,
s0450,0.7154859900474548,0.2959818840026855,0.3232186138629913,0.085805632174015,0.9350782036781312,0.666331946849823,0.0863985195755958,0.8898266553878784,0.7553837299346924
s0453,,,,,,,,,
s0454,0.3658066987991333,,,,,,0.0122290160506963,,0.0
s0455,0.0994476824998855,0.0,0.3164953887462616,0.0542910732328891,0.8813228011131287,0.3579241931438446,0.010618076659739,0.4883556365966797,0.7141504883766174
s0457,0.0700272619724273,,,,0.973353147506714,,0.4526982009410858,0.907516360282898,0.9488334059715272
s0460,,,,,,,,,
s0463,0.2579332292079925,,0.2764673233032226,0.0494603589177131,0.8746231198310852,0.3963280618190765,0.0054664290510118,0.5604608058929443,0.348314493894577
s0465,0.0044550602324306,,,,0.0,,0.0,0.0,0.0482769943773746
s0466,0.0,,,,,,,,
s0469,0.2863054573535919,0.0,0.2952879071235657,0.0437280908226966,0.9325443506240844,0.4212010204792022,0.2108464986085891,0.7690105438232422,0.7773721814155579
s0470,0.1635642796754837,,0.5384590029716492,0.0354658290743827,0.9419344663619996,0.6794703602790833,0.0485219173133373,0.9214333295822144,0.7730625867843628
s0474,,,,,,,,,
s0475,0.0,,,,,,0.0,,
s0478,0.0249648056924343,,,,,,,,
s0481,0.0004838824388571,,,,0.4550174176692962,,,0.0095665641129016,0.0577618479728698
s0487,0.1489328891038894,,0.0,,0.8008527755737305,0.0527677200734615,0.0013939363416284,0.2133247852325439,0.4286335110664367
s0488,0.3363069295883178,0.0,0.0053587378934025,,0.9350147247314452,0.6822493672370911,0.0102760838344693,0.5299856662750244,0.6559649705886841
s0490,0.1894719749689102,0.2323117703199386,0.3539965748786926,,0.9439131617546082,0.1540070325136184,0.1478757709264755,,0.6256646513938904
s0491,0.0014237959403544,,,,,,,,
s0492,,,,,,,,,
s0493,,,,,,,,,
s0494,0.2193092107772827,,0.020032437518239,0.0003638602793216,0.7210575938224792,0.1215031817555427,0.0973519459366798,0.2286875993013382,0.2730449140071869
s0497,0.0,,,,,,,,
s0498,0.1042043641209602,0.0,0.1845881640911102,0.0967409238219261,0.9438026547431946,0.3641902506351471,0.1021931320428848,0.8596019148826599,0.7817709445953369
s0501,0.0,,,,,,,,
s0503,8.098805119516328e-05,,,,,,,,
s0504,0.0,,,,,,,,
s0505,0.4889304041862488,,0.1112260967493057,0.0421444736421108,0.9078096151351928,0.5288680791854858,0.0348275676369667,0.7540568113327026,0.847074568271637
s0506,,,,,,,,,
s0510,0.0809583738446235,0.0,0.5447112917900085,,0.8963395953178406,0.4343234300613403,0.0249813310801982,0.8126186728477478,0.7348040342330933
s0514,,,,,,,,,
s0515,0.0201456267386674,0.0,0.940554976463318,0.0035149385221302,0.5586932897567749,0.2390726804733276,0.0013893176801502,0.5986427664756775,0.4061383008956909
s0517,0.2199820727109909,,0.1680810302495956,0.0628597736358642,0.919421911239624,0.2984701097011566,0.0139058781787753,0.9130681157112122,0.7183935046195984
s0518,0.0317716114223003,,,,,,,,
s0520,0.7371993064880371,,0.3908786475658417,0.4241421222686767,0.9341419339179992,0.4295644462108612,0.0,0.8327288627624512,0.3136461079120636
s0521,0.0005903536221012,,,,,,,,
s0523,0.3733689486980438,,0.0017760236514732,0.0096601834520697,0.906259834766388,0.5101600885391235,0.0840587690472602,0.0186811555176973,0.5611462593078613
s0525,0.0003479471197351,,,,,,0.0,,
s0526,0.0004903312656097,,,,,,,,
s0527,0.0220435541123151,,,,,,,,
s0528,0.1113985404372215,,,,0.0015318270307034,,0.0,0.1603004783391952,0.000203852818231
s0530,0.020817270502448,,,,0.909961462020874,,0.0098792538046836,0.3344870209693908,0.2431327402591705
s0532,0.0,,,,0.0,,0.0,0.0,0.0049886261112987
s0535,0.0062994281761348,,,,,,,,
s0537,0.0004102564125787,,,,,,,,
s0539,,,,,,,,,
s0542,0.5177143812179565,,0.3950198292732239,0.0143539942800998,0.8836724758148193,0.2280583083629608,0.0344589464366436,0.8616760969161987,0.8232361674308777
s0544,0.0094192959368228,0.0296397637575864,0.0043747723102569,,0.8318656086921692,0.2884038388729095,0.0002480774128343,0.4860488474369049,0.6650237441062927
s0552,0.0009975684806704,,,,,,,,
s0557,0.2598492801189422,0.1294082254171371,,,0.8745939135551453,0.701201319694519,0.0111803002655506,0.8149784803390503,0.6285406947135925
s0559,0.0,,,,,,,,
s0561,0.2504195272922516,0.1051752939820289,0.1651002168655395,0.2924312055110931,0.9533774256706238,0.4202888011932373,0.2606168985366821,0.9077965617179872,0.8329992294311523
s0563,0.0003430531651247,,,,,,,,
s0564,0.0,,,,,,0.0,,
s0565,0.228687435388565,,,0.1695373356342315,0.9579334259033204,0.5541055202484131,0.1023816913366317,0.8677993416786194,0.9412306547164916
s0567,,,,,,,,,
s0568,,,,,,,,,
s0572,,,,,,,,,
s0573,0.345234751701355,,,0.0125918155536055,0.0,,0.1680620163679123,,
s0575,,,,,,,,,
s0576,0.0006534524145536,,,,,,,,
s0577,0.4115176498889923,0.1652388572692871,,0.2832001745700836,0.9432473182678224,0.664516031742096,0.2064760029315948,0.9005606174468994,0.8902583122253418
s0579,0.0001346589706372,,0.0108665665611624,0.0,0.0,0.0034741412382572,0.0,0.0,0.2059985995292663
s0580,0.19924296438694,,,,0.925637185573578,0.5964021682739258,0.0133881876245141,0.9035646319389344,0.8747991323471069
s0581,0.1909513175487518,,0.0240342505276203,0.0129221258684992,0.3231000900268554,0.0016927634133026,0.0001796461001504,,0.0
s0582,0.0214766524732112,,0.3247043788433075,,0.9445399045944214,0.1064791530370712,,0.6834913492202759,0.0422030165791511
s0583,0.3048549890518188,,0.0217854939401149,0.0027872405480593,0.7772740721702576,0.3245034515857696,0.0180688146501779,0.5286715626716614,0.8315399289131165
s0584,0.4386928677558899,,0.0818947851657867,0.058419931679964,0.9178370833396912,0.6818202137947083,0.081079751253128,0.7461416721343994,0.1760745793581009
s0587,0.3321824669837951,,0.0424242429435253,0.0139157529920339,0.6945807337760925,0.0417602993547916,0.0343189686536788,0.2534724175930023,0.6131767630577087
s0588,,,,,,,,,
s0590,0.726182222366333,,0.0208124127238988,0.0734295397996902,0.9185307025909424,0.544750452041626,0.1304330378770828,0.821406900882721,0.455814778804779
s0594,0.1980560570955276,,,,0.8160083889961243,,0.0104187335819005,0.89486163854599,0.3326981365680694
s0595,0.0,,,,0.0,,0.0,0.04138920083642,
s0597,0.2000786215066909,,,,,,,,
s0598,0.3617783784866333,0.170657992362976,,0.2348336577415466,0.8781853318214417,0.2712033092975616,0.521718442440033,0.9412689208984376,0.6859717965126038
s0601,,,,,,,,,
s0604,0.1032434329390525,,0.2251308858394622,,0.9052595496177672,0.5913679003715515,0.0015481373993679,0.8886210918426514,0.5499052405357361
s0605,0.0870903506875038,,,,0.840721607208252,,0.0,0.4924702942371368,0.4493264853954315
s0608,2.0151743228780102e-05,,,,0.0,,0.0,0.4620877802371979,0.0
s0610,0.0938263833522796,,,,,,,,
s0611,0.0,,,,,,,,
s0614,,,,,,,0.0,,
s0618,0.0182306505739688,0.0,0.6852163672447205,0.3446479439735412,0.8976701498031616,0.3404100239276886,0.019893592223525,0.8668798804283142,0.6461989879608154
s0621,0.2975255846977234,,0.2093979716300964,0.002774887252599,0.8041939735412598,0.5193337202072144,0.0230155978351831,0.758233368396759,0.5582113265991211
s0622,0.0,,,,,,,,
s0627,0.0544341728091239,,,,,,,,
s0629,0.1478166431188583,,0.0615285858511924,0.1054052263498306,0.9201771020889282,0.3928927183151245,0.0213284585624933,,0.786608874797821
s0632,0.223707303404808,,0.1382417529821396,,0.9510304927825928,0.213465079665184,0.0663448274135589,0.8134790658950806,0.8382535576820374
s0633,,,,,,,,,
s0636,0.2444145232439041,,0.0279150158166885,0.1344034671783447,0.9452678561210632,0.4656733870506286,0.1049313619732856,0.8020980358123779,0.7933090329170227
s0637,0.355791836977005,,0.0401856750249862,0.0089527666568756,0.8939087986946106,0.3749251067638397,0.0442303232848644,0.0320779532194137,0.0446268618106842
s0638,,,,,,,,,
s0640,,,,,,,,,
s0641,0.3080646991729736,0.0,0.215985357761383,0.072672426700592,0.877519428730011,0.4013307690620422,0.0012149438261985,0.6303007006645203,0.8833363652229309
s0642,,,,,,,,,
s0643,0.0,,,,,,,,
s0645,0.0124144898727536,,,,0.5521880984306335,,0.0014995001256465,0.3177373707294464,0.0877790823578834
s0646,0.1921671032905578,,,,,,,,
s0647,0.0,,0.0,0.0,0.0,0.0044731609523296,0.0,0.0,0.0003676695923786
s0652,0.0,,,,0.089481383562088,,0.0015710919396951,,
s0653,0.0057151671499013,,,,,,0.0,,
s0654,0.0426471233367919,,0.309743583202362,,0.3208942711353302,0.3806991875171661,0.0038076520431786,0.0045594181865453,0.0606788098812103
s0655,0.0013581245439127,,,,0.0,,0.0008975318050943,0.0,0.0039827413856983
s0658,0.03956064209342,,0.0801516398787498,,0.6993757486343384,0.3003802299499511,0.0,0.4252978861331939,0.6642346382141113
s0659,0.112814225256443,0.0,,0.0017182130832225,0.8835667967796326,,0.0659536570310592,0.9089597463607788,0.7776033878326416
s0660,0.0064142192713916,,,,,,,,
s0666,,,,,,,,,
s0668,0.6406689882278442,,0.1644512861967086,0.2767040729522705,0.8265097737312317,0.0447327233850955,0.0743956193327903,0.5038250684738159,0.6415005326271057
s0670,0.2193173021078109,,0.019566461443901,0.0102279745042324,0.7782812118530273,0.0,0.1131812110543251,0.2657024562358856,0.5516928434371948
s0671,0.0010426692897453,,,,0.7686634659767151,,0.0491187535226345,0.0,0.1401422768831253
s0672,0.1062523126602172,,0.9296542406082152,,0.928100883960724,0.3945885002613067,0.0463796108961105,0.912764012813568,0.8829239010810852
s0673,0.0,,,,,,0.0,,
s0676,0.0,0.0,0.0271033309400081,,0.0,0.0,0.0,0.0,0.0
s0679,0.0,,0.0,,0.0,0.0,0.0,,0.1035070642828941
s0680,0.4029616713523865,,0.0304413251578807,0.005407981108874,0.8118575811386108,0.5040683746337891,0.0786862820386886,0.6819409728050232,0.739238440990448
s0681,0.000530545017682,,,0.0,0.408577561378479,,0.0,0.0358281210064888,0.0057522482238709
s0684,0.0045307045802474,,,,0.963295876979828,,0.220830962061882,,
s0685,0.7310449481010437,0.0161369200795888,0.2982013523578644,0.1857244670391082,0.914135992527008,0.5442516207695007,0.0157119967043399,0.8970674276351929,0.767166793346405
s0687,0.2746626138687134,,0.3198871910572052,0.0785992741584777,0.9074487686157228,0.2764685451984405,0.039710346609354,0.8928969502449036,0.726594090461731
s0688,0.1615306437015533,0.0362613312900066,,,0.9207034707069396,0.4803493320941925,0.308849036693573,0.92350834608078,0.6525301337242126
s0691,0.2841980159282684,,,,0.9422510862350464,,0.0009759271051734,0.8549965620040894,0.8998221755027771
s0693,0.0379674024879932,,0.0005990842473693,0.0005004222039133,0.0373696573078632,0.0,0.0007494144956581,,
s0695,0.0307787787169218,,,0.0,0.1604266315698623,,0.0,0.237529918551445,0.0602729171514511
s0696,0.0371110588312149,,0.0,0.0,0.7176414132118225,0.2055165022611618,0.0,0.4789192378520965,0.2061817198991775
s0697,0.0040379608981311,,,,0.950560986995697,,0.0,0.9024052023887634,0.744389533996582
s0700,0.0002120075805578,,0.0,0.0,0.0,0.0,0.0,0.0,0.1782553941011428
s0702,0.1856006234884262,0.2325133383274078,0.1848973929882049,0.1231315359473228,0.9270533323287964,0.4802617728710174,0.1034902036190033,0.908937692642212,0.7270511388778687
s0704,0.1954629868268966,0.002466851612553,0.077011652290821,0.0052642337977886,0.8810253739356995,0.2766272127628326,0.0921405702829361,0.8156672716140747,0.5044841766357422
s0706,,,,,,,,,
s0710,0.2061527073383331,,,,0.935906946659088,,0.0560655742883682,0.8116458058357239,0.6511768698692322
s0712,0.0,,0.0,0.0,,,0.0,,
s0713,,,,,,,,,
s0714,0.0039723170921206,,0.0052212830632925,0.0013966480037197,0.7031015753746033,0.0810468569397926,0.0101657453924417,0.4426775574684143,0.1581290513277053
s0715,0.0,,,,,,,,
s0716,0.2837067544460296,0.0,0.0536886230111122,0.0084145795553922,0.8745616674423218,0.5490467548370361,0.0209456533193588,0.8706291913986206,0.8506609797477722
s0717,0.0626916363835334,,0.6356068253517151,0.0,0.5045778155326843,,0.0,0.8466646671295166,0.2823104858398437
s0718,0.2974787056446075,0.0,0.6720479726791382,0.024963017553091,0.9282907843589784,0.1380917578935623,0.1300275474786758,0.8617231845855713,0.7196457386016846
s0723,0.2841184437274933,0.2723470032215118,0.2520676553249359,0.0602084696292877,0.9329306483268738,0.3420689702033996,0.1438168287277221,0.9109222888946532,0.7083132863044739
s0724,0.6810198426246643,,,0.0,,,0.0210970472544431,,
s0727,0.1674450486898422,0.0,0.1302011758089065,0.001779887243174,0.4590152204036712,0.0,0.0,0.429134339094162,0.0003784460423048
s0729,0.0291354972869157,0.0577815249562263,0.0482908561825752,0.0883062854409217,0.9249278903007508,0.2270864397287368,0.1294498443603515,0.6265049576759338,0.6599003672599792
s0730,,,,,,,,,
s0734,0.0,,,,,,,,
s0735,0.3222929835319519,,0.0197519082576036,0.3432673513889313,0.909006893634796,0.5994781255722046,0.2058077305555343,0.615977942943573,0.3686847388744354
s0736,0.0,,,,0.0002158047573175,,0.0,0.0002823662362061,0.772024929523468
s0737,0.184237003326416,0.0423363372683525,0.0077089993283152,,0.9413433074951172,0.525291383266449,0.039654541760683,0.7475379705429077,0.8381974101066589
s0738,0.0015950871165841,,,,0.0213646683841943,,0.0002245172945549,0.5350788831710815,0.4616963267326355
s0740,0.0,,,0.0,0.0175631772726774,0.0002272598212584,0.0001383221533615,,0.042508415877819
s0741,0.0,,,,,,,,
s0744,,,,,,,,,
s0748,,,,,,,,,
s0750,0.067359909415245,,0.0984932035207748,0.0,0.6677350401878357,,0.0004439511685632,0.2922311425209045,0.4780066907405853
s0756,5.833284740219824e-05,,,,,,,,
s0759,0.0064808209426701,,0.1636230796575546,0.0042518395930528,0.6854259371757507,0.0857456922531127,0.0046453457325696,0.1668161451816558,0.0728925392031669
s0766,,,,,,,,,
s0767,0.5634031891822815,0.0,,,0.8595038056373596,,0.0,0.8082685470581055,0.6425924897193909
s0768,0.4770285785198211,0.0,0.0295902173966169,0.0328806899487972,0.9149892926216124,0.382735401391983,0.1507412940263748,0.7315656542778015,0.4720096588134765
s0769,0.0481191612780094,,,,,,,,
s0770,0.0792268812656402,0.007846213877201,0.5873430967330933,0.2125219404697418,0.9134183526039124,0.2081274092197418,0.0601454079151153,0.7976366281509399,0.6289157867431641
s0772,0.0,,,,,,0.0,,
s0773,0.2977119982242584,,,,0.9302560091018676,,0.2073318809270858,0.9394248723983764,0.781218409538269
s0774,0.0660124868154525,,,0.1556509286165237,,,0.0648815631866455,,
s0775,0.0743920654058456,,0.0720851495862007,0.0047770701348781,0.7135822772979736,0.0846911743283271,0.0199294537305831,0.6381455063819885,0.0469552986323833
s0776,0.0,,,0.0,,,,,
s0780,0.173967570066452,,0.2777553498744964,,0.9591273665428162,0.2970694601535797,0.1041666641831398,0.9461331963539124,0.8740325570106506
s0781,0.3294045031070709,,,,0.9282405376434326,,0.0123931625857949,,
s0782,0.0172477439045906,,,,0.9408683776855468,,0.0415035225450992,,
s0783,,,,,,,,,
s0786,,,,,,,,,
s0787,0.1058898642659187,,,,0.8980342745780945,,0.0067394096404314,0.897476315498352,0.874079167842865
s0791,0.0001651834609219,,0.0,,0.0009516041609458,,0.0,0.0408555790781974,0.0024768440052866
s0792,,,,,,,,,
s0793,0.1485887616872787,,0.5277231335639954,,0.9591556191444396,,0.1707255840301513,0.7952650189399719,0.2497768551111221
s0795,0.1070045679807663,0.0,0.250466376543045,0.1186166480183601,0.6063356399536133,0.081464871764183,0.1751305758953094,0.0,0.5592167973518372
s0798,0.1886898577213287,,0.1322517246007919,0.0205691456794738,0.4908837080001831,0.0092157730832695,0.0028492165729403,0.001552278525196,0.0761747732758522
s0800,0.1254919171333313,,0.0,,,,0.0,,
s0802,0.0481183789670467,,0.8086642622947693,,0.7634170055389404,,0.1376128047704696,0.2071536034345626,0.4873732626438141
s0805,0.1464652717113495,,0.8586775660514832,0.2224770635366439,0.9124772548675536,0.0268656723201274,0.2678753435611725,0.7407364845275879,0.5204869508743286
s0807,0.1340959370136261,,0.010916662402451,0.0500595942139625,0.7428521513938904,0.1177905797958374,0.0671121478080749,0.0108750434592366,0.0889129787683487
s0808,0.0335562042891979,,0.0015166834928095,0.0,0.1287913918495178,0.0884580835700035,0.0008011903264559,6.478572322521359e-05,0.0409909226000309
s0809,0.004427371546626,,,,,,,,
s0810,0.1111753284931182,,,,0.813104510307312,0.1102143079042434,0.0031374786049127,0.7096689939498901,0.0650369152426719
s0811,0.1246764659881591,,0.3000557720661163,0.0653310120105743,0.7948950529098511,0.0,0.0248520709574222,0.7055245637893677,0.8464242219924927
s0813,0.0015858856495469,,,,0.0011924026766791,,0.0,0.0208474956452846,0.0008550662896595
s0814,0.0203628651797771,,,,,,,,
s0815,0.3006365299224853,,,,,,0.0074757039546966,,
s0816,0.0554420910775661,0.2542427182197571,0.7373086214065552,,0.951468288898468,0.5848506689071655,0.1101711615920066,0.9219374656677246,0.7609105110168457
s0818,,,,,,,,,
s0819,0.0,,,,,,0.0,,
s0820,0.0,,,,,,,,
s0821,0.0008537173853255,0.0,0.0,0.0,0.2070259600877761,0.0,0.0,0.0149929476901888,0.0
s0822,0.0935918539762497,0.1184034943580627,0.3786730766296386,0.0021674341987818,0.8994590044021606,0.5661933422088623,0.0590976253151893,0.8534080386161804,0.2700286507606506
s0824,0.119471363723278,,,,0.8575524687767029,,0.0154494382441043,0.4021483361721039,0.7009560465812683
s0825,0.0011614615796133,,,,0.0,,0.0,0.0,0.0
s0826,0.0738694295287132,,,,0.8536771535873413,,0.0243380069732666,0.841806948184967,0.8293133974075317
s0829,0.0938381776213646,,0.7235960364341736,0.0088757397606968,0.8764193058013916,,0.0495629049837589,0.5047938227653503,0.1536763906478881
s0831,0.7015469670295715,0.0004065040557179,0.1095688790082931,0.0114075159654021,0.8763536810874939,0.5057690739631653,0.0305685549974441,0.8048046231269836,0.6686669588088989
s0832,0.3133474588394165,,,,0.9521604776382446,0.0345721691846847,0.158043622970581,0.7352803945541382,0.7023485898971558
s0833,0.0568167269229888,,0.8683714866638184,,0.8161938786506653,0.5288786888122559,0.032685425132513,0.8895841836929321,0.4109187722206116
s0834,0.2310123145580291,0.372448980808258,0.7284175753593445,,0.9377024173736572,0.5222574472427368,0.2440440058708191,0.8640784621238708,0.6980510354042053
s0837,,,,,,,,,
s0838,0.0010720898862928,,,,0.0001665261661401,,0.0,0.0,
s0839,0.0148630393669009,,,,0.0428819209337234,,0.0,0.0,0.0955506563186645
s0840,6.206554098753259e-05,,,,0.129231795668602,,0.0154646048322319,0.5593796372413635,0.4686985611915588
s0843,,,,,,,,,
s0844,0.1089025065302848,,0.1090909093618393,0.0,0.9087114930152892,0.2753147184848785,0.0061570038087666,0.7365105748176575,0.4701407253742218
s0846,0.0039885132573544,,,,0.0266827009618282,,0.0014534883666783,,
s0847,0.142420008778572,,0.1725460439920425,0.1335527002811432,0.9050807356834412,0.4955166280269623,0.0004468940896913,0.9096702933311462,0.7487044930458069
s0848,0.1740944981575012,,,,0.9243500232696532,,0.1021867096424102,,
s0849,0.0,,,,,,,,
s0850,,,,,,,,,
s0851,0.0,,,,,,,,
s0852,0.010982658714056,,,,0.7230250835418701,,0.0,0.0,
s0853,0.0016726137837395,,,,,,,,
s0855,,,,,,,,,
s0857,0.0054772291332483,,,,,,,,
s0858,0.0001266143372049,,,,0.0,,0.0,0.217004045844078,0.6357658505439758
s0861,,,,,,,,,
s0862,0.232818529009819,,,,,,0.0802748128771781,,
s0864,0.0105100311338901,0.0,0.0015657019102945,9.515879355603828e-05,0.0072986045852303,0.0,0.0009351912303827,0.0,0.0
s0865,0.0015868218615651,,,,,,,,
s0866,0.1300862282514572,,0.5745185017585754,0.0013623514678329,0.8854093551635742,0.3976147770881653,0.032899547368288,0.8551595211029053,0.5019522309303284
s0867,0.0,,,,,,,,
s0868,0.0213716719299554,,,,,,,,
s0870,,,,,,,,,
s0871,0.1221802681684494,,0.3251430988311767,0.0887245833873748,0.9036756753921508,0.3447189629077911,0.0072223893366754,0.7533479332923889,0.1580891460180282
s0873,0.0,,,,,,,,
s0874,0.084710992872715,,,,,,,,
s0875,,,,,,,,,
s0876,0.0,,,,0.0058402242138981,,0.0,0.0,0.0102279372513294
s0877,0.1879218518733978,,,,0.8159788846969604,,0.0002738600596785,0.2906354069709778,0.1248241364955902
s0879,0.0022886567749083,,,,0.0,,0.0,0.0,
s0881,0.0006938276928849,,,,0.0,,0.0,0.0,0.4532060325145721
s0883,0.0018787309527397,,,,0.0,,0.0,,
s0885,0.3196596801280975,0.0902196764945983,0.0872165262699127,0.0521227903664112,0.925029456615448,0.5773528814315796,0.1821557283401489,,0.3892148733139038
s0889,0.1804500818252563,0.5786930918693542,0.4584450423717499,0.6405529975891113,0.9585087895393372,0.7313305735588074,0.0517452731728553,0.9355635643005372,0.6849195957183838
s0890,0.0616420693695545,0.1405499726533889,0.0924564003944397,0.2636270523071289,0.9486156105995178,0.2635504603385925,0.1805169880390167,0.7258141040802002,0.8101643323898315
s0891,9.568614768795668e-05,,,,0.0,,0.0003153082216158,0.5495649576187134,0.4500213265419006
s0892,0.1664075404405594,0.0710883662104606,0.4763780534267425,0.0534924939274787,0.851189374923706,0.7897305488586426,0.0917030572891235,0.7972754240036011,0.7231397032737732
s0895,0.743080198764801,0.4058146476745605,0.085423357784748,0.043354108929634,0.9049084186553956,0.4702484905719757,0.1633138805627823,0.8490556478500366,0.6229864954948425
s0897,0.0343380607664585,,0.4980552792549133,,0.9158884286880492,0.2233735769987106,0.0629895851016044,0.7522026300430298,0.8575263023376465
s0901,0.0005272225826047,,,,0.0,,0.0,0.0828894674777984,0.0125000001862645
s0907,0.0252654701471328,,,0.0,,,0.0,,
s0908,0.0988325104117393,,,0.0176025442779064,0.6659810543060303,0.019273392856121,0.0,0.307492583990097,0.0
s0909,0.000191993851331,,,,,,,,
s0910,0.0518042854964733,0.0,0.2679679095745086,,0.6551093459129333,0.32388436794281,0.0772171840071678,0.0012217471376061,0.42104572057724
s0911,0.0204795375466346,,,,0.316080242395401,,0.0,0.0,0.3138625919818878
s0914,0.3600558936595917,0.0,0.2020455300807953,0.1340953558683395,0.9579669833183287,0.5212709903717041,0.0049351472407579,0.936138927936554,0.8178042769432068
s0919,0.2541591823101043,0.0897376164793968,0.0279805343598127,0.1737388670444488,0.925448477268219,0.5990942120552063,0.0334614850580692,0.6976487040519714,0.5517659783363342
s0921,,,,,,,,,
s0922,,,,,,,,,
s0925,0.137214794754982,,,,,,,,
s0927,0.30872243642807,,0.014852050691843,0.0003012842207681,0.0421295389533042,0.0007444630609825,0.0002191780804423,0.0872996747493743,0.001564826699905
s0930,0.1527056545019149,0.2124850004911422,,0.2599564492702484,0.9034828543663024,0.4339176118373871,0.1047883704304695,0.6656360626220703,0.7412158250808716
s0931,0.2833188772201538,,0.5256656408309937,0.4204489290714264,0.948211669921875,0.4360232949256897,0.2514532804489136,0.8713217377662659,0.92350435256958
s0935,0.0003331815532874,,,,0.0,,0.0,0.0479343235492706,0.0
s0936,0.000343544234056,,,,0.0,,0.0,0.1309884786605835,0.0382691137492656
s0938,,,,,,,,,
s0941,0.2564312517642975,,0.1073930189013481,0.0141932647675275,0.3438183665275574,0.2998453080654144,0.0356314107775688,0.4633724689483642,0.6768608689308167
s0943,,,,,,,,,
s0944,0.0559440553188324,,,,,,0.0,,
s0946,0.3550910055637359,0.0468156263232231,0.0308356881141662,0.0471048057079315,0.9436320066452026,0.3448700904846191,0.1756290793418884,0.7608669400215149,0.6205520033836365
s0947,0.0,,,,,,,,
s0949,0.0,,,,,,,,
s0951,0.1434291899204254,,0.0,,,,0.0,,
s0952,0.0002427020808681,,0.0,0.0,0.0,0.0044605089351534,0.0,0.0,0.0862074941396713
s0953,0.0,,,,,,,,
s0954,0.2353769838809967,,0.315148651599884,0.2492611706256866,0.9433935284614564,0.6573342084884644,0.0664285719394683,0.5013971924781799,0.7312425971031189
s0955,,,,,,,,,
s0956,0.2024735957384109,,,,0.9309874773025512,,0.0016159439692273,0.7658068537712097,0.7274717688560486
s0958,0.0,,,0.0,0.0080147543922066,,0.005381510592997,0.5637609362602234,0.4092788696289062
s0960,0.0009066183120012,,,,,,,,
s0962,0.0,,,,,,,,
s0968,0.0128331910818815,,,,,,,,
s0971,0.2173715382814407,,,0.0,,,0.0018023430602625,,
s0972,0.0001674561062827,,,,0.0,,0.0010453417198732,,0.3327411711215973
s0973,0.1709006875753402,,,,0.4589819014072418,,0.078565813601017,0.75789475440979,0.474555492401123
s0974,0.0,,,,,,,,
s0976,0.1129701882600784,0.4570912420749664,0.1120305508375167,,0.957981824874878,0.0069297980517148,0.1825012564659118,0.2030805051326751,0.7554798126220703
s0977,0.3705771267414093,,0.1288723647594452,,0.0486840642988681,,0.0,0.0,0.0
s0978,0.2363700270652771,0.3922514319419861,0.5842713713645935,0.1959187686443328,0.9433459043502808,0.5709693431854248,0.3056300282478332,0.6289584636688232,0.7530542016029358
s0980,0.0282618943601846,,,,0.0,,0.0,,0.0890826657414436
s0981,0.0,,,,,,0.0,,
s0984,,,,,,,,,
s0987,2.04438365472015e-05,,,,0.0,,0.0,0.0,0.0519080534577369
s0988,0.8371767401695251,0.0,0.0655398592352867,0.0281262435019016,0.8193252086639404,0.622201681137085,0.0001390530524076,0.8142503499984741,0.0369812957942485
s0989,0.1477679908275604,,,,0.1991177946329116,,0.0059673548676073,0.0169372614473104,0.0
s0993,,,,,,,,,
s0995,0.332660049200058,,,,0.7850652933120728,,0.0010518012568354,0.7212964296340942,0.8201498985290527
s0996,0.3448669910430908,,,,0.6812589168548584,,0.0,0.1770376861095428,0.0184100419282913
s0997,,,,,,,,,
s0999,0.2342263609170913,,0.890846312046051,,0.9408552050590516,0.4897439777851105,0.2032274305820465,0.6812779903411865,0.6234611868858337
s1000,,,,,,,,,
s1001,0.0,,,,,,,,
s1002,2.586251503089443e-05,,,,0.0016537520568817,,0.0,0.1064837500452995,0.2650883495807647
s1003,0.0007255577947944,,,,,,,,
s1004,0.0062078000046312,,,,0.8981298804283142,,0.0,0.3057559132575989,0.52598637342453
s1005,0.0,,,,,,,,
s1009,0.0,,,0.0,,,0.0,,
s1010,0.0068235052749514,,,,,,,,
s1011,0.188536912202835,,,,,,,,
s1014,,,,,,,,,
s1015,7.336218550335616e-05,,,,,,,,
s1016,0.2602173388004303,,0.1091463044285774,0.0088179185986518,0.8880751729011536,0.0236558280885219,0.0029533195775002,0.7488003969192505,0.5510196089744568
s1017,7.455546437995508e-05,0.0,0.0,0.0,0.0371970012784004,0.0,0.0,0.0,0.0028638439252972
s1018,0.2210197150707245,0.0158462915569543,0.3693042397499084,0.1125749573111534,0.9233520030975342,0.337349385023117,0.0170229114592075,0.902730107307434,0.6299629807472229
s1020,,,,,,,,,
s1021,0.008784681558609,,,,0.3244641423225403,,0.000674991577398,0.6060858964920044,0.0249705668538808
s1025,0.0,,,,0.0,,0.0,0.0,
s1026,3.8102858525235206e-05,,,,5.968795085209422e-05,,0.0,0.13954958319664,0.0
s1029,0.3684340715408325,,0.1766542643308639,0.0698515251278877,0.5884261131286621,0.1142909079790115,0.0485620945692062,0.6057820320129395,0.7197608351707458
s1032,0.0,,,,,,,,
s1033,0.0410334877669811,,,,0.7846247553825378,0.0506596304476261,0.0060060061514377,0.0,0.0
s1034,0.004893166013062,,,,,,,,
s1035,0.0825875699520111,,0.8493559956550598,0.0165881626307964,0.9387576580047609,0.6355448365211487,0.0917710065841674,0.9431183338165284,0.7238024473190308
s1036,0.0490040332078933,,,,,,,,
s1038,0.410332590341568,0.3860262036323547,0.1881354749202728,0.1715054959058761,0.929424524307251,0.3216509819030761,0.2250595092773437,0.8370794057846069,0.6824239492416382
s1039,0.1615165621042251,,0.0094380844384431,,0.9072412252426147,0.1383394747972488,0.0092365583404898,0.6928788423538208,0.7280035018920898
s1040,0.0347130522131919,,,,,,,,
s1041,0.0050235479138791,,,0.0013140604132786,,,0.0,,
s1042,0.2028267830610275,,0.3948474824428558,,0.9326184391975404,0.3026247322559356,0.0965029373764991,0.858816385269165,0.7086043953895569
s1043,0.0006883101887069,,,,,,,,
s1047,,,,,,,,,
s1048,0.1720718294382095,,0.0106132077053189,0.0811265036463737,0.3212485313415527,,0.0,,
s1049,0.0948950946331024,,,,0.8725641369819641,,0.0008727907552383,,
s1050,0.0025793139357119,,,,,,0.0,,
s1051,,,,,,,,,
s1052,0.3269143402576446,0.0,0.4439862668514251,0.2282366007566452,0.8940851092338562,0.2236540913581848,0.1244106739759445,0.7456865906715393,0.7130359411239624
s1053,,,,,,,,,
s1055,,,,,,,,,
s1056,,,,,,,,,
s1057,0.0,,,,,,,,
s1059,0.0,,,,,,,,
s1060,0.2071636617183685,0.0,0.1234716400504112,0.0126178981736302,0.947384774684906,0.6421173810958862,0.0669037401676178,0.9133586883544922,0.9279233813285828
s1065,,,,,,,,,
s1066,0.1953546702861786,0.0893019065260887,0.1896325498819351,0.300888329744339,0.9412186741828918,0.7122832536697388,0.0096055585891008,0.9072265625,0.7880257368087769
s1067,0.1695588082075119,,0.1583547592163086,0.1643951833248138,0.9561768174171448,0.4902014434337616,0.1216096431016922,0.9075945615768432,0.8151731491088867
s1068,,,,,,,,,
s1071,,,,,,,,,
s1072,,,,,,,,,
s1073,0.0614973865449428,0.0,0.0663625076413154,0.4298535585403442,0.96151202917099,0.4721122682094574,0.0170648470520973,0.8617386817932129,0.7483808398246765
s1075,0.0542707070708274,,,,,,,,
s1077,0.1680984497070312,0.0059142434038221,0.0787216275930404,0.0895062983036041,0.9484487175941468,0.5812617540359497,0.0035660795401781,0.842324435710907,0.7169621586799622
s1079,0.2256828397512436,,0.5290322303771973,,0.9582698941230774,0.3558818995952606,0.1460473984479904,0.9453395009040833,0.8953193426132202
s1083,0.0501822531223297,,,0.0,0.9379591941833496,,0.0207395814359188,0.485773354768753,0.3620345592498779
s1084,0.0093779303133487,,,,0.7597410082817078,,0.0103252455592155,,0.4882978796958923
s1088,0.3485221564769745,,0.1007423996925354,0.0471618175506591,0.2794252336025238,0.1417946070432663,0.0,0.2276986241340637,0.6623472571372986
s1093,0.0029350616969168,,,,,,,,
s1094,0.4253502190113067,,0.6601238250732422,,0.9577215313911438,0.2515511810779571,0.019645731896162,0.9176588654518129,0.7235933542251587
s1096,0.0135489152744412,,0.0496894419193267,,0.8938899636268616,,0.0015965332277119,0.0259018242359161,0.1177242398262023
s1097,0.0,,,,0.0,,0.0,0.0114379087463021,0.0902196615934372
s1098,0.0,,,,,,0.0,,
s1101,0.0513616390526294,,0.0613895170390605,,0.915399134159088,0.0018148820381611,0.0,,0.4071116745471954
s1103,0.8104261755943298,0.4080782830715179,0.0351210422813892,0.064403086900711,0.883969247341156,0.3037019670009613,0.0514777526259422,0.4176721572875976,0.8173621296882629
s1104,,,,,,,,,
s1105,0.3595750331878662,,0.125009998679161,0.1099254041910171,0.9345110654830932,0.0984574630856514,0.2266922146081924,0.4402176141738891,0.8268638849258423
s1106,6.223356467671692e-05,,,,0.0,,0.0,0.0,0.3047561943531036
s1107,0.0,,,,,,,,
s1109,0.2649948298931122,,0.0241163410246372,0.0075341966003179,,0.1915085762739181,0.0021216408349573,,
s1112,0.0005224660271778,,,,,,,,
s1113,0.0,,,,,,,,
s1114,0.0,,,,,,,,
s1115,0.0,,,,,,,,
s1121,0.0405076965689659,0.0890016108751297,0.017224358394742,0.0550077967345714,0.4048946499824524,0.096357837319374,0.0187852215021848,0.0421227067708969,0.4977035522460937
s1122,0.0135281756520271,,0.2387984991073608,0.0,0.0,,0.0013198415981605,0.3488208949565887,0.0933273658156395
s1125,0.2363216876983642,,,,,,0.0023781212512403,,
s1128,0.0,,,,,,0.0,,
s1129,0.0279646683484315,,,,,,,,
s1133,0.0015710248844698,,0.0009168704273179,0.0694526210427284,0.8873826265335083,0.1455716639757156,0.0119590554386377,0.501885175704956,0.7740606665611267
s1134,1.807729859137908e-05,,,,0.0,,0.0,0.4161155819892883,0.315556913614273
s1136,0.0,,,,0.0,,,,0.0
s1137,0.6563653349876404,,0.0091434372588992,0.1246329843997955,0.6501874327659607,,0.0076944213360548,,
s1138,0.0712599456310272,,,,,,,,
s1141,0.0102301789447665,,,,,,0.0027816412039101,,
s1142,0.0232799313962459,0.0008328474941663,0.5692083835601807,0.4052616953849792,0.94829922914505,0.399909496307373,0.0495521984994411,0.891781210899353,0.7836344838142395
s1144,0.1849276423454284,0.0693285390734672,0.1666806489229202,0.1762793064117431,0.9435308575630188,0.637452244758606,0.4031640589237213,0.8273601531982422,0.7667073011398315
s1146,0.1024749130010604,0.0,0.276707261800766,,0.8083543181419373,0.0050363736227154,0.0572624541819095,0.079663835465908,0.0551270358264446
s1147,0.0004950086586177,,,,,,,,
s1148,,,,,,,,,
s1149,0.0414217263460159,,0.0684573575854301,0.0291398074477911,0.6313301920890808,0.1263075619935989,0.0284975320100784,0.5670459866523743,0.5778127312660217
s1150,,,,,,,,,
s1151,0.0004932182491756,,0.0118248034268617,0.0215391144156456,0.0,,0.0,,
s1154,0.0,,,,,,,,
s1156,,,,,,,,,
s1158,0.1675716638565063,0.0063016936182975,,0.052307691425085,0.8475778102874756,0.6435085535049438,0.0258146431297063,0.5886150598526001,0.6070137619972229
s1162,0.1786738783121109,0.0,0.2775393426418304,0.0,0.8139187097549438,0.3276708126068115,0.0,0.1635978072881698,0.3947915732860565
s1163,0.3010299503803253,,,,,,,,
s1165,0.0,0.0,0.0,0.0,0.0,0.0070943203754723,0.0,0.0,0.0253029223531484
s1167,0.068174697458744,0.0,0.2236147224903106,0.0144487312063574,0.8650476336479187,0.1631423234939575,0.0104395281523466,0.8188519477844238,0.7815600037574768
s1168,,,,,,,,,
s1169,0.0,,,,,,,,
s1170,,,,,,,,,
s1172,0.3177536725997925,,0.2747393846511841,,0.9005361795425415,0.5406156778335571,0.0720185711979866,0.766706109046936,0.4750852584838867
s1175,0.4808341264724731,,,0.0072780204936861,0.9000318646430969,,0.0007974481559358,0.8250786662101746,0.1409750282764434
s1176,0.0692612007260322,0.1429852992296219,0.000638730591163,0.1782254874706268,0.6468003392219543,0.3413242101669311,0.003494594246149,0.0839214846491813,0.7454943656921387
s1177,,,,,,,,,
s1178,0.0603570751845836,,,,0.0939612835645675,0.0,0.0,0.0,0.023197952657938
s1179,0.0083811413496732,,,,0.0002554965321905,,0.0,0.079930655658245,0.1213276535272598
s1182,0.1341506838798523,,,,0.9180079102516174,,0.017868272960186,0.9067564606666564,0.9081632494926452
s1184,0.0150761529803276,,,,,,,,
s1185,0.0,,,,,,,,
s1190,0.1524795144796371,,0.043958555907011,0.0067636119201779,0.8265445232391357,0.0823812410235405,0.0001303016470046,0.8047560453414917,0.8443362712860107
s1191,0.0280385296791791,,,,0.7800541520118713,0.2193658947944641,0.0,0.0217286329716444,0.2256897240877151
s1192,0.0033832141198217,,,,,,,,
s1194,,,,,,,,,
s1195,0.0781382694840431,,,,,,,,
s1196,0.5481500029563904,,0.0963079258799552,0.2287648171186447,0.936741590499878,0.4103542268276214,0.0470398589968681,0.9131340980529784,0.835177481174469
s1197,0.0001334311818936,,,0.0,0.7500280141830444,,0.0,0.1422769725322723,0.2242242246866226
s1201,0.0916973948478698,,,0.0475644096732139,0.8763208389282227,0.5475552678108215,0.1936566978693008,0.3867116570472717,0.6539645195007324
s1203,0.0022534802556037,,,,0.0381497517228126,,0.0,0.0,
s1205,0.0895944982767105,,0.3273500204086303,0.0004707820771727,0.9041782021522522,0.39683997631073,0.0027082602027803,0.8871628046035767,0.7958306670188904
s1215,,,,,,,,,
s1216,0.1902713775634765,,0.3145989179611206,0.2407418489456176,0.3803128898143768,0.1567207127809524,0.0320831947028636,0.1856524050235748,0.2017591893672943
s1218,,,,,,,,,
s1220,0.0,,,,,,,,
s1222,0.0030165913049131,,,,,,,,
s1223,0.2203163057565689,0.0,,0.1888335347175598,0.8755089044570923,0.0939279794692993,0.1033300533890724,0.4390649497509002,0.649986743927002
s1225,0.2148683667182922,,,,0.9510599374771118,,0.3111508190631866,0.8483887910842896,0.8545931577682495
s1226,0.0040809386409819,,,,0.9212416410446168,,0.0069984449073672,0.8867811560630798,0.7487838864326477
s1227,,,,,,,,,
s1228,0.2928078770637512,,0.0024319065269082,0.2050058841705322,0.4647936224937439,0.0901144295930862,0.0432969219982624,0.0137467347085475,0.1885914057493209
s1231,0.1907431185245514,,,,,,,,
s1234,0.6382232904434204,,,,,,0.0,,
s1236,0.5622910857200623,,0.1394409984350204,0.0192675124853849,0.8418595194816589,0.0016354258405044,0.0259130783379077,0.0,0.3843887746334076
s1237,0.1474228352308273,,,,0.9531868696212769,,0.0633394122123718,,
s1239,0.0227633547037839,,,,0.4615413248538971,,0.0048048049211502,,
s1241,0.3911339342594147,,0.0089797573164105,0.0234478618949651,0.545051097869873,0.1662405729293823,0.0045472430065274,0.4039827585220337,0.4959795773029327
s1242,0.0824353918433189,,,,,,,,
s1243,0.0130144702270627,,,,0.0198760256171226,,0.0,0.5750954747200012,0.281685322523117
s1245,0.0702559500932693,0.0,0.7635724544525146,0.0,0.9132248163223268,0.4474909901618957,0.0888426527380943,0.8376548886299133,0.8455703258514404
s1246,0.0,,,,,,,,
s1248,0.2855555713176727,,0.2189438194036483,0.2809590399265289,0.8837066888809204,0.3622970283031463,0.1622503101825714,0.6242508292198181,0.0042069526389241
s1250,0.1746542006731033,,,,0.9696416258811952,,0.0053390283137559,0.0582651384174823,0.1918340921401977
s1251,0.5248130559921265,0.0975304767489433,0.0079162875190377,0.0426879785954952,0.7684335112571716,,0.0,,
s1252,0.6641613841056824,0.0040290090255439,0.0653967857360839,0.1719183474779129,0.8587806820869446,0.4415699243545532,0.1467856764793396,0.5062769055366516,0.7541618347167969
s1254,0.0001034473825711,,,,0.0104922922328114,,0.0002627775538712,0.4036611914634704,0.7002430558204651
s1255,0.3695206940174103,0.29161536693573,0.3557281494140625,0.3137986958026886,0.921936571598053,0.4085186421871185,0.1186882555484771,0.6796622276306152,0.6757712960243225
s1256,0.3454083204269409,,0.0288326777517795,0.0076531399972736,0.6450678706169128,,0.0015751131577417,,
s1258,0.0960486009716987,,,,0.8792213201522827,,0.0807082578539848,,0.0594129003584384
s1259,0.0,,,,0.0068672634661197,,0.0141706028953194,0.6689567565917969,0.6794338822364807
s1260,,,,,,,,,
s1261,0.0639843791723251,,,,,,,,
s1267,0.2824895083904266,,0.1323575526475906,0.0230844784528017,0.9173478484153748,0.3594911992549896,0.0819907113909721,0.894547164440155,0.6871872544288635
s1268,0.0614768862724304,,,,,,,,
s1270,0.193031445145607,0.0970711261034011,0.0005136634572409,0.0159059483557939,0.8810669779777527,0.4452720880508423,0.224126398563385,0.6403464078903198,0.8205267190933228
s1271,0.5460841655731201,,0.2585492134094238,0.0,0.848482072353363,0.375293493270874,0.0043981820344924,0.5104535818099976,0.6765941977500916
s1272,0.082165390253067,0.5913323760032654,0.2540589570999145,0.2297146320343017,0.9565246105194092,0.5899138450622559,0.165902242064476,0.7997644543647766,0.9319072961807252
s1274,0.001408607349731,,,,,,,,
s1275,,,,,,,,,
s1277,0.0939404070377349,,,,0.8034172058105469,,0.0002737476024776,0.5357921123504639,0.4294200837612152
s1279,,,,,,,,,
s1280,0.0980501398444175,,,,0.943589210510254,,0.000346830842318,0.880210816860199,0.885421872138977
s1281,0.1071118339896202,,0.2523190975189209,0.2304623275995254,0.8643115162849426,0.3449898660182953,0.0,0.7098391056060791,0.5834634304046631
s1286,0.0535747967660427,0.0496702380478382,0.0010857173474505,0.0212199985980987,0.7182802557945251,,0.0,,
s1288,0.3497432470321655,0.5131855010986328,0.1829302012920379,0.014472329057753,0.946458101272583,0.6275222897529602,0.009782675653696,0.8457089066505432,0.8075867891311646
s1290,,,,,,,,,
s1292,0.3447788655757904,0.2688194513320923,0.1638236790895462,0.0587542317807674,0.9336919784545898,0.6151644587516785,0.0871710553765297,0.8436115384101868,0.7887157201766968
s1293,0.4424558281898498,,0.0993473976850509,0.122634932398796,0.9379393458366394,0.4209389388561249,0.0277146752923727,0.8521043658256531,0.3289796113967895
s1295,0.0,,,,,,,,
s1298,0.2517708241939544,,0.3923225104808807,0.0766854211688041,0.8172561526298523,0.5310513973236084,0.0001177024460048,0.0525845177471637,0.34601491689682
s1299,0.0002295684098498,,,,,,,,
s1300,,,,,,,,,
s1301,0.4615712463855743,,0.5481326580047607,,,,0.0037611660081893,,
s1303,,,,,,,,,
s1305,0.2901355326175689,0.0,0.0019071996212005,0.121125228703022,0.904349148273468,0.1819456666707992,0.0061881188303232,0.7700417041778564,0.2339227795600891
s1308,0.0520972609519958,,,,0.8927262425422668,0.2481692433357238,0.0064227036200463,0.4230357408523559,0.3766604661941528
s1309,0.3388610184192657,,0.0015148646198213,0.0120536731556057,0.8172622919082642,0.3223577737808227,0.0602565519511699,,0.8396373391151428
s1310,0.2820786237716675,,0.1636155545711517,0.3975647091865539,0.8829145431518555,0.4077958464622497,0.0210650358349084,0.831622838973999,0.1818965524435043
s1311,0.1210444718599319,0.0,,,0.8849001526832581,0.0198581553995609,0.0,0.4914142191410064,0.5741190314292908
s1312,0.3390438258647918,,0.07396100461483,0.1324724555015564,0.5701044797897339,0.4966963231563568,0.0047703422605991,0.3542664647102356,0.1397475004196167
s1315,0.0018704700050875,,0.0,,,,0.0,,
s1316,,,,,,,,,
s1317,0.3013289868831634,,,,0.8533974885940552,,0.115858070552349,0.0,0.196707472205162
s1318,0.0777807310223579,,,,,,,,
s1323,0.0059284116141498,,0.0046403710730373,,0.8016659617424011,,0.0002635046257637,0.3766053915023803,0.0332825481891632
s1325,,,,,,,,,
s1327,0.0407678894698619,,,,0.9520122408866882,,0.0315590165555477,0.9009191989898682,0.39800626039505
s1328,,,,,,,,,
s1329,0.2778112590312958,0.1589973121881485,0.0580206885933876,0.2978729009628296,0.89942866563797,0.6161887645721436,0.0845485851168632,0.6407440900802612,0.8642536401748657
s1332,0.1147739961743354,0.0,0.4172641038894653,0.1554934978485107,0.8520633578300476,0.0237822998315095,0.0,0.104587472975254,0.4828226566314697
s1333,0.0,,,,0.2436276972293853,,0.0026333113200962,,0.2085578441619873
s1335,,,,,,,,,
s1338,0.000515098858159,0.0,0.0003143830108456,0.0,0.0024904003366827,0.0636635050177574,0.0,0.2355982214212417,0.4057616293430328
s1339,0.3985923826694488,,0.3485897779464721,0.0089064249768853,0.7839674949645996,0.3632840812206268,0.0249498132616281,0.5361504554748535,0.8638840913772583
s1341,,,,,,,,,
s1342,,,,,,,0.0,,
s1343,0.1843342036008834,0.0,0.0597436279058456,0.016434533521533,0.8762657642364502,0.3727246820926666,0.0144653571769595,0.4930051267147064,0.3651762008666992
s1344,0.0958163738250732,,0.0463766492903232,0.1641575545072555,0.9071477651596068,0.4836624264717102,0.0189488381147384,0.5820275545120239,0.7447344660758972
s1345,0.0169018022716045,,,,0.0001012632565107,,0.0,0.0,0.1400018185377121
s1346,0.1366959512233734,,0.2112229615449905,0.1644088476896286,0.9284566640853882,0.1390290558338165,0.0,,0.0422785729169845
s1347,0.4808777272701263,,0.2594307363033294,0.0106872431933879,0.8218183517456055,0.55925452709198,0.0059888390824198,0.7794822454452515,0.8458738327026367
s1352,0.0,,,,,,,,
s1353,0.0720153748989105,,0.001614965382032,0.061393454670906,0.8574119806289673,0.0,0.0002134813403245,0.5063969492912292,0.7664653658866882
s1355,0.0525288358330726,0.4086021482944488,0.0119042955338954,0.0679453760385513,0.6768710613250732,0.0703125,0.0671563446521759,,
s1357,0.165438711643219,0.0,0.4050633013248443,0.0447728261351585,0.2713750302791595,,0.0,,0.0
s1358,0.4503888487815857,0.0,0.0283414646983146,0.1048007234930992,0.7803331613540649,0.0158174000680446,0.0,0.2397838532924652,0.1338070631027221
s1359,,,,,,,,,
s1364,0.2578738629817962,0.5265909433364868,,0.001499407691881,0.8941697478294373,0.4761163592338562,0.0788310691714286,0.7215073704719543,0.8250731825828552
s1365,0.0295247379690408,0.0,0.0140270190313458,0.0143354898318648,0.7485495805740356,0.0,0.0035909712314605,0.5160230398178101,0.4138712882995605
s1372,0.1582385301589965,,0.0285147819668054,0.0018995106220245,0.9312591552734376,0.2929760217666626,0.0085241636261343,0.4050879180431366,0.3833673000335693
s1375,0.340208351612091,,0.1429540812969207,0.014000691473484,0.9221625328063964,0.5532630085945129,0.0364619418978691,0.7972479462623596,0.2209071069955825
s1378,,,,,,,,,
s1380,0.0680895969271659,,0.0360735803842544,0.0106833986937999,0.4591407775878906,0.0059462008066475,0.0,0.1706018447875976,0.0
s1385,0.3326509594917297,,0.0270165465772151,0.0569524280726909,0.2166480869054794,0.022509379312396,0.0035964036360383,,
s1388,0.1557125151157379,,0.182985782623291,0.056114912033081,0.8206585645675659,0.2349096238613128,0.0,0.5629962086677551,0.5744135975837708
s1399,,,,,,,,,
s1401,0.7228000164031982,0.0263126138597726,0.0143150072544813,0.0282737594097852,0.5234664082527161,0.0110527770593762,0.0510529689490795,,0.1401969343423843
s1406,,,,,,,,,
s1407,,,,,,,,,
s1408,,,,,,,,,
s1409,,,,,,,,,
s1410,,,,,,,,,
s1411,0.4065473675727844,0.308803915977478,0.0526469573378562,0.0527950674295425,0.8120596408843994,0.4567016363143921,0.0290549490600824,0.4961727857589721,0.8051815032958984
s1412,0.3945275247097015,0.0155763244256377,0.034340925514698,0.1900874078273773,0.6905070543289185,0.391787588596344,0.004855906125158,0.0989393889904022,0.6497071981430054
s1413,0.0040778797119855,0.0,0.0019774117972701,0.0673210471868515,0.5201408267021179,0.2403648942708969,0.0,0.000246412702836,0.4169043302536011
s1414,0.6353396773338318,0.0,0.0036699397023767,0.0167209301143884,0.7824128866195679,0.4917949438095093,0.2052033394575119,0.4147793054580688,0.7343089580535889
s1415,0.1645981967449188,0.0,0.1318644881248474,0.0081100305542349,0.8499627113342285,0.1534988731145858,0.0711377188563346,0.0396479070186615,0.0982365012168884
s1416,,,,,,,,,
s1417,,,,,,,,,
s1418,0.4613814055919647,,0.1919724196195602,0.0079210000112652,0.9525728821754456,0.518503725528717,0.0097059663385152,0.8101972341537476,0.6953647136688232
s1419,,,,,,,,,
s1420,0.2336775064468383,0.0,0.2486926168203354,0.0119716692715883,0.5216794610023499,0.262610912322998,0.0318824648857116,0.2812907099723816,0.171209767460823
s1421,0.6041581630706787,0.0429532267153263,0.0143398949876427,0.0088819805532693,0.8174784183502197,0.4407617449760437,0.0040555489249527,0.4469094574451446,0.7182881832122803
s1422,0.1005093082785606,0.0,0.2109403908252716,0.0491763390600681,0.6072527170181274,0.3283084034919739,0.0208516512066125,0.4984919726848602,0.2974691092967987
s1423,0.2688974738121032,0.0,0.0003784653090406,0.0097616072744131,0.7978478074073792,0.3783771693706512,0.0060379044152796,0.5066983103752136,0.7421411871910095
s1424,0.1967686116695404,0.0161914825439453,0.0575092881917953,0.0013527681585401,0.5544223189353943,0.0,0.0083668883889913,0.0421401523053646,0.0007837130106054
s1425,0.6328445672988892,,0.2127606868743896,0.0382987037301063,0.9442686438560486,0.414196103811264,0.1462928801774978,0.9240190982818604,0.7229323387145996
s1426,0.6177040338516235,0.0,0.0302205998450517,0.2937015891075134,0.6680100560188293,0.1516009271144867,0.2044082581996917,0.3186377286911011,0.0417683981359005
s1427,0.4822543263435364,0.0222925562411546,0.028177298605442,0.0001773717958712,0.874289870262146,0.2165374457836151,0.0127719612792134,0.6292581558227539,0.0916953757405281
s1428,0.0,0.0,0.0,0.0,0.007992748171091,0.0,0.0,0.0,0.0
s1429,,,,,,,,,
